-0.02024902,0.8959452,0.09302361,-0.4338418,-0.02377996,0.8787581,0.09218421,-0.4676761,-0.01210024,0.8613933,0.06338702,-0.5038226,0,0,0,0,0.6328946,-0.5891966,-0.3989694,0.3051479,0.8472582,-0.01897961,-0.5271944,-0.06212476,0.7994072,0.008841781,0.3107494,-0.5141057,0.7426447,-0.1792602,0.1742401,-0.6212769,0.7082821,0.459086,-0.3939218,-0.363871,0.9530361,0.1183385,-0.1638341,-0.2255585,0.7471709,0.05496424,-0.6339472,-0.1919,0.7340611,-0.1347869,-0.6645416,-0.03703069,0.8583038,-0.5008814,-0.1045074,-0.03886519,-0.3267651,-0.0955307,0.9314654,-0.1283378,-0.4741398,-0.1270302,0.8712369,0.001024225,0,0,0,0,0.5024663,0.6526684,-0.2967846,-0.483188,0.949208,-0.1835602,0.1993979,-0.1598447,0.8957112,0.1762821,0.3952353,-0.1020546,0,0,0,0,-0.02069542,0.8602914,0.07957304,-0.5031288,0,0,0,0,0,0,0,0,0,0,0,0,0,0,0,0
-0.02059931,0.9000127,0.0942347,-0.425056,-0.02458815,0.8811224,0.09327344,-0.4629458,-0.01381729,0.8616724,0.064571,-0.5031504,0,0,0,0,0.6331306,-0.5888658,-0.3994156,0.3047127,0.8465171,-0.01888231,-0.5283798,-0.06218532,0.8265135,0.06112222,0.2259407,-0.5119476,0.759478,-0.1010582,0.0902085,-0.6362725,0.7074226,0.4618089,-0.3920732,-0.3640939,0.9533387,0.1272745,-0.1562457,-0.2247971,-0.5432182,-0.1133494,0.8158134,0.162833,-0.5152089,0.1056937,0.8471723,0.0754181,0.8613366,-0.4968609,-0.09525242,-0.04642735,-0.336206,-0.09508721,0.9286078,-0.1249467,-0.4862176,-0.1298525,0.8641348,-0.001336535,0,0,0,0,0.4981903,0.6588823,-0.2909687,-0.482719,0.9364912,-0.214933,0.2356649,-0.145774,0.8425965,0.2109226,0.4893311,-0.07808993,0,0,0,0,-0.02222135,0.8605357,0.08070768,-0.5024647,0,0,0,0,0,0,0,0,0,0,0,0,0,0,0,0
-0.01995496,0.9031891,0.09498407,-0.418126,-0.02419424,0.8835306,0.09399368,-0.4582069,-0.01363787,0.8631791,0.06485175,-0.5005299,0,0,0,0,0.6329303,-0.5889329,-0.3999976,0.3042357,0.846377,-0.01885644,-0.5286018,-0.06221426,0.8008854,0.01178419,0.3037293,-0.515938,0.7379174,-0.1561913,0.1703703,-0.6340791,0.708947,0.4659418,-0.3873101,-0.3609479,0.9501213,0.1336445,-0.1700668,-0.2246905,-0.5544088,-0.1180875,0.8089692,0.1557401,-0.5325511,0.08429187,0.8383833,0.07998604,0.8639158,-0.4931794,-0.08805869,-0.0516643,-0.3433467,-0.09460032,0.9262663,-0.1232668,-0.4845082,-0.131792,0.8647931,-0.003946976,0,0,0,0,0.4949067,0.6641114,-0.2856432,-0.4821113,0.9469859,-0.2264223,0.1625709,-0.1597541,0.9026729,0.216181,0.3577971,-0.1021213,0,0,0,0,-0.02207746,0.8620259,0.08115558,-0.4998377,0,0,0,0,0,0,0,0,0,0,0,0,0,0,0,0
-0.01823768,0.9066894,0.09438147,-0.4106993,-0.02281212,0.8856139,0.09338137,-0.454365,-0.01292217,0.863416,0.06398988,-0.5002512,0,0,0,0,0.6331503,-0.5888163,-0.399993,0.3040092,0.8462337,-0.01883018,-0.5288286,-0.06224297,0.8164063,0.04040868,0.2584367,-0.5148383,0.736362,-0.1369061,0.1104132,-0.6533274,0.7088533,0.4672293,-0.3866041,-0.3602237,0.9523419,0.1350191,-0.1553906,-0.2250967,-0.5415067,-0.1261998,0.817004,0.1528018,-0.5174836,0.09012339,0.8472458,0.07914052,0.8653758,-0.4919242,-0.07590851,-0.05807942,-0.3502852,-0.09683532,0.9235532,-0.1223625,-0.475712,-0.1346598,0.8690354,0.01850042,0,0,0,0,0.4939951,0.6670106,-0.2827381,-0.4807545,0.9433361,-0.2433863,0.1552435,-0.1636452,0.907688,0.2215819,0.3415798,-0.1016226,0,0,0,0,-0.02125536,0.8622829,0.08028323,-0.499571,0,0,0,0,0,0,0,0,0,0,0,0,0,0,0,0
-0.01919056,0.9086837,0.09555764,-0.4059488,-0.02402556,0.8868622,0.09445799,-0.451637,-0.01337376,0.863631,0.06508854,-0.4997261,0,0,0,0,0.6331347,-0.5885913,-0.4004951,0.3038165,0.8327695,-0.01726037,-0.5497853,-0.06271611,0.7847253,-0.003269267,0.2892133,-0.5482255,0.7614573,-0.05741545,0.2422256,-0.598509,0.7090243,0.4683217,-0.3853361,-0.3598271,0.9526359,0.1366059,-0.1521009,-0.225142,-0.5098812,-0.1372543,0.8369007,0.1441514,-0.4902908,0.07029648,0.8666109,0.06048941,0.8648578,-0.4932448,-0.06632791,-0.06581139,-0.3557289,-0.09216713,0.9219022,-0.1227128,-0.454396,-0.1382532,0.879847,0.0167217,0,0,0,0,0.493877,0.6679118,-0.2816758,-0.4802479,0.9434548,-0.2460473,0.1517774,-0.1622263,0.9105404,0.2232163,0.3332412,-0.1002051,0,0,0,0,-0.02158331,0.8625252,0.08087164,-0.4990434,0,0,0,0,0,0,0,0,0,0,0,0,0,0,0,0
-0.01917215,0.9089458,0.09599005,-0.4052602,-0.02402239,0.8871911,0.09489249,-0.4508993,-0.01322926,0.8640471,0.06565963,-0.4989354,0,0,0,0,0.6329884,-0.5885343,-0.4010267,0.3035305,0.8325086,-0.01722516,-0.5501775,-0.06274771,0.7825174,-0.007739165,0.2948615,-0.5483277,0.764525,-0.06548818,0.2482933,-0.5912387,0.7095703,0.4694758,-0.3836374,-0.3590608,0.9513008,0.1381669,-0.1573283,-0.2262401,-0.4813525,-0.1443396,0.8535258,0.1376935,-0.4646721,0.05530226,0.8822899,0.05085256,0.8650202,-0.4928761,-0.06678339,-0.06597988,-0.3564903,-0.09217927,0.9216642,-0.1222816,-0.4486786,-0.1381668,0.8827561,0.01841709,0,0,0,0,0.4937258,0.6681879,-0.2811068,-0.480353,0.9473789,-0.2285243,0.1631522,-0.1537244,0.9113359,0.2179663,0.3369587,-0.09174176,0,0,0,0,-0.02152149,0.8629399,0.08142029,-0.4982392,0,0,0,0,0,0,0,0,0,0,0,0,0,0,0,0
-0.01856292,0.9096446,0.09608985,-0.403694,-0.02348154,0.8876727,0.09500769,-0.4499548,-0.01225461,0.8641996,0.06593056,-0.4986603,0,0,0,0,0.6326374,-0.5886275,-0.4016103,0.3033098,0.8323582,-0.01720425,-0.5504027,-0.06277382,0.7750171,-0.0213514,0.3137671,-0.5481265,0.7555072,-0.0814143,0.2652046,-0.5935041,0.7099383,0.4700014,-0.3825885,-0.3587649,0.9495088,0.1402139,-0.1647375,-0.2272326,-0.4760174,-0.1470598,0.8565028,0.1348471,-0.4651866,0.03273373,0.8838435,0.0367485,0.8645371,-0.4938642,-0.0641935,-0.06747504,-0.3579593,-0.0921247,0.9211104,-0.122204,-0.4786145,-0.1364466,0.8669317,0.02720198,0,0,0,0,0.4939602,0.6682183,-0.2806974,-0.4803089,0.9555908,-0.1888635,0.1729897,-0.1457784,0.92357,0.2075437,0.3111945,-0.08427335,0,0,0,0,-0.02090943,0.8631029,0.08173028,-0.4979321,0,0,0,0,0,0,0,0,0,0,0,0,0,0,0,0
-0.01757568,0.910087,0.09642144,-0.4026608,-0.02260785,0.8877192,0.09536709,-0.4498318,-0.0103032,0.8637104,0.06590451,-0.4995546,0,0,0,0,0.6321635,-0.5887395,-0.4024364,0.3029852,0.8321648,-0.01719673,-0.550694,-0.06278524,0.7763026,-0.01895194,0.3098181,-0.5486418,0.7558068,-0.07303372,0.2657906,-0.5939509,0.7094985,0.4695036,-0.3829429,-0.3599071,0.9419186,0.1473296,-0.1979155,-0.2278437,-0.4240394,-0.1517159,0.8844417,0.1222125,-0.4147015,0.01666358,0.9090043,0.03815877,0.8647957,-0.4936711,-0.05721991,-0.07171473,-0.358791,-0.09255628,0.9207319,-0.1222914,-0.1328372,-0.1662263,0.9732424,-0.08673099,0,0,0,0,0.4941496,0.6670035,-0.2812937,-0.4814524,0.957754,-0.1739552,0.1764581,-0.1459769,0.9243822,0.1948676,0.3157526,-0.08856926,0,0,0,0,-0.01963962,0.8626384,0.0818267,-0.4987723,0,0,0,0,0,0,0,0,0,0,0,0,0,0,0,0
-0.01965155,0.9107695,0.1036538,-0.3992102,-0.02520649,0.8879431,0.1024447,-0.4476905,-0.01246077,0.863848,0.0683614,-0.498937,0,0,0,0,0.6314291,-0.5891045,-0.4032494,0.3027263,0.8329968,-0.01730966,-0.5494338,-0.06276377,0.7795758,-0.009329433,0.2985161,-0.5505112,0.7603351,-0.07490028,0.2494496,-0.5950254,0.7102768,0.467986,-0.3819909,-0.3613571,0.9334708,0.1518014,-0.2328021,-0.2266977,-0.4272203,-0.1487432,0.8840578,0.1174745,-0.4201524,0.001782769,0.9060682,0.05009114,0.867478,-0.4870638,-0.02943471,-0.09687213,-0.3642088,-0.08260141,0.9194087,-0.1233551,-0.05382642,-0.1844743,0.9792691,-0.06406244,0,0,0,0,0.4913042,0.6657458,-0.2793392,-0.4872088,0.9511194,-0.1240536,0.2565816,-0.1189472,0.9460143,0.1530611,0.2706561,-0.09151195,0,0,0,0,-0.02242353,0.8625796,0.08578099,-0.4980915,0,0,0,0,0,0,0,0,0,0,0,0,0,0,0,0
-0.0231774,0.9072546,0.1074912,-0.4059528,-0.028593,0.8855246,0.1061791,-0.4513918,-0.01630455,0.8632486,0.07185119,-0.499373,0,0,0,0,0.6307239,-0.5895566,-0.4031166,0.3034921,0.8521519,-0.01956174,-0.5192249,-0.06212921,0.8304499,0.1354482,0.1362179,-0.5229258,0.735491,-0.3045169,-0.1931086,-0.5736127,0.7108484,0.4632955,-0.3841055,-0.3640257,0.931082,0.151149,-0.2433712,-0.2258557,-0.4120004,-0.1511579,0.8914601,0.1127199,-0.4037797,-0.002020422,0.9121228,0.07063899,0.874722,-0.4715781,-0.01366886,-0.1108545,-0.3585868,-0.08434564,0.9217344,-0.121273,-0.01681726,-0.1714947,0.9830361,-0.06282368,0,0,0,0,0.4830778,0.6644936,-0.2817915,-0.4956589,0.932049,-0.1110919,0.3283128,-0.1056123,0.9674729,0.1398937,0.196777,-0.07552964,0,0,0,0,-0.02640401,0.8618225,0.08982108,-0.4984947,0,0,0,0,0,0,0,0,0,0,0,0,0,0,0,0
-0.02265512,0.9013984,0.1068752,-0.4189814,-0.02745647,0.8815663,0.1057435,-0.4592443,-0.01518663,0.8616863,0.07293866,-0.5019422,0,0,0,0,0.6295456,-0.5902438,-0.4036553,0.3038866,0.90668,-0.0266613,-0.4167556,-0.05945917,0.9756703,-0.006266005,0.1847456,-0.1178866,0.9785743,-0.08930127,0.1840944,-0.02295309,0.7105287,0.457961,-0.3880018,-0.3672537,0.9249503,0.1508819,-0.2682801,-0.2229963,-0.3959441,-0.1512953,0.8995324,0.1057337,-0.3883561,-0.01445942,0.9173329,0.08643468,0.8761556,-0.4701937,-0.02378695,-0.1034572,-0.343957,-0.1570323,0.924256,-0.05277629,0.322964,-0.08299656,0.9363816,-0.1095226,0,0,0,0,0.4818488,0.6588508,-0.2876742,-0.5009798,0.9306754,-0.07675101,0.3399249,-0.1113717,0.9824355,0.1061249,0.1389633,-0.06516953,0,0,0,0,-0.02488677,0.8603243,0.09035266,-0.5010579,0,0,0,0,0,0,0,0,0,0,0,0,0,0,0,0
-0.02151761,0.8964786,0.1059914,-0.4296847,-0.02579286,0.8783397,0.1050329,-0.4656417,-0.01163652,0.8605736,0.0719502,-0.5040842,0,0,0,0,0.6284186,-0.5910211,-0.4042134,0.3039668,0.8885049,-0.0241689,-0.4542136,-0.06053787,0.9789289,-0.02861492,0.1809691,-0.09016446,0.9781976,-0.02602614,0.1813189,-0.0978549,0.7097192,0.4557586,-0.3901908,-0.369234,0.9192035,0.1455665,-0.2891118,-0.2242534,-0.354755,-0.1561011,0.9163437,0.1004772,-0.3471277,-0.02067298,0.9334903,0.08758271,0.8759397,-0.4714446,-0.03060487,-0.09763719,-0.3355432,-0.01153573,0.941877,0.0120582,-0.3523209,-0.1598826,0.9207029,-0.05112353,0,0,0,0,0.4824582,0.6531492,-0.2930777,-0.5047135,0.9349482,-0.04083599,0.3323347,-0.1172939,0.9881924,0.08221385,0.114052,-0.06090036,0,0,0,0,-0.02195719,0.8592905,0.08934522,-0.5031452,0,0,0,0,0,0,0,0,0,0,0,0,0,0,0,0
-0.01390568,0.9000059,0.1035886,-0.4231611,-0.01864702,0.8796285,0.1028409,-0.4640363,0.000952813,0.8587369,0.06212384,-0.5086359,0,0,0,0,0.6287795,-0.5913623,-0.4030864,0.3040532,0.9089683,-0.02701666,-0.411735,-0.05933908,0.9733046,-0.03174658,0.2139028,-0.07691479,0.97014,-0.04879287,0.212368,-0.1065245,0.7082105,0.4509394,-0.3971101,-0.3706683,0.9398678,0.1221485,-0.2240056,-0.2270458,-0.3788043,-0.1516602,0.9046763,0.1227485,-0.3709543,-0.01530362,0.9254574,0.07541487,0.838369,-0.5365564,-0.05373102,-0.07973438,-0.3421155,-0.03411605,0.9390136,0.006819473,-0.01564758,-0.1176156,0.985821,-0.1186533,0,0,0,0,0.5019021,0.6415462,-0.298476,-0.4974182,0.9309859,-0.0117951,0.3410909,-0.1295498,0.9887399,0.05510974,0.1279742,-0.05457963,0,0,0,0,-0.01422129,0.8575879,0.08229239,-0.5075122,0,0,0,0,0,0,0,0,0,0,0,0,0,0,0,0
-0.01152451,0.9025187,0.1002212,-0.418668,-0.01644948,0.8807899,0.09953146,-0.4626359,0.004184399,0.8578736,0.05601553,-0.5107813,0,0,0,0,0.6299201,-0.5915305,-0.4005543,0.3047105,0.9748493,-0.03879871,-0.2131128,-0.05240609,0.9797748,-0.0276365,0.1908785,-0.05331841,0.9713397,-0.03559826,0.1904882,-0.1376452,0.7071174,0.448476,-0.402227,-0.3702265,0.9321205,0.1179063,-0.2547523,-0.2288029,-0.350843,-0.1411339,0.9167402,0.1287543,-0.340849,0.001964649,0.9383079,0.05827842,0.8304043,-0.549405,-0.05049473,-0.07767206,-0.346283,-0.03346773,0.9374582,0.01183085,-0.022833,-0.119736,0.9845979,-0.1253359,0,0,0,0,0.5152036,0.6358659,-0.3023419,-0.4887016,0.9279256,-0.001650876,0.3459672,-0.1387736,0.9946502,0.04415026,0.07933613,-0.04927035,0,0,0,0,-0.009755269,0.8568793,0.07585108,-0.509813,0,0,0,0,0,0,0,0,0,0,0,0,0,0,0,0
-0.0108741,0.906678,0.09450218,-0.4109575,-0.01597833,0.8830803,0.09377421,-0.4594783,0.0028964,0.8570023,0.05206653,-0.5126672,0,0,0,0,0.631371,-0.5915416,-0.3975894,0.3055682,0.9411571,-0.03204326,-0.3316158,-0.0568106,0.98277,-0.005592122,0.161711,-0.08933822,0.9830136,-0.07669956,0.15873,-0.05105253,0.7044839,0.4474443,-0.4069856,-0.3712937,0.9305175,0.1066512,-0.264273,-0.2300488,0.3429062,-0.1912562,0.9195397,0.0168222,0.3523791,-0.04248785,0.9339359,0.04228049,0.8128828,-0.5756937,-0.05254788,-0.07097179,-0.3508215,-0.009938527,0.9352239,0.04670912,-0.07014691,-0.1346892,0.9768059,-0.1509585,0,0,0,0,0.5354831,0.6304031,-0.306273,-0.4712183,0.9246981,-0.007261544,0.3540126,-0.1398418,0.9909224,0.04314185,0.1171257,-0.04993126,0,0,0,0,-0.0090245,0.8560421,0.0714559,-0.5118636,0,0,0,0,0,0,0,0,0,0,0,0,0,0,0,0
-0.01660516,0.9052039,0.08326498,-0.4164098,-0.02085818,0.8826311,0.08230264,-0.4623349,0.001661834,0.8572829,0.0440695,-0.5129533,0,0,0,0,0.6346058,-0.5909814,-0.3923363,0.3067386,0.8232275,-0.01624165,-0.5639517,-0.06317602,0.8343168,0.04205162,0.1876444,-0.516659,0.8550125,-0.2205163,0.09241913,-0.4602008,0.702372,0.4478807,-0.4115952,-0.3696833,0.9093291,0.1005767,-0.3295559,-0.2332335,-0.332232,-0.1239662,0.924338,0.1409028,-0.3277984,-0.01136937,0.9440913,0.03332751,0.7720847,-0.6301,-0.0610564,-0.05595881,-0.0122762,-0.0201845,0.9953101,0.09380633,-0.2331118,-0.1566293,0.9489371,-0.1436822,0,0,0,0,0.5490307,0.6220276,-0.3227868,-0.4554731,0.923737,-0.01077895,0.3484891,-0.158585,0.9905902,0.03338718,0.1263453,-0.04065928,0,0,0,0,-0.00999001,0.856251,0.0652739,-0.5123219,0,0,0,0,0,0,0,0,0,0,0,0,0,0,0,0
-0.02027486,0.8972581,0.07400809,-0.4347869,-0.02342004,0.8778515,0.07307373,-0.4727456,0.00081752,0.8565179,0.03933422,-0.5146156,0,0,0,0,0.6367745,-0.5905082,-0.3882453,0.3083567,0.8241226,-0.01634809,-0.5626423,-0.06315354,0.8413518,0.05440243,0.1684897,-0.510665,0.8553753,-0.2096393,0.06503938,-0.4692059,0.6996236,0.4466867,-0.4170957,-0.3701742,0.9220743,0.07911029,-0.2948056,-0.237929,0.383751,-0.1968767,0.9013515,0.0392453,0.3970149,-0.03170603,0.9170238,0.02100554,0.7472526,-0.6594682,-0.07362817,-0.03597211,0.1306851,-0.03715658,0.9752016,0.1747072,-0.2359753,-0.1564383,0.9425989,-0.1770596,0,0,0,0,0.5473232,0.6142925,-0.3405988,-0.4550543,0.9300454,-0.01103308,0.3293456,-0.1625582,0.9890467,0.03420344,0.1370022,-0.04297842,0,0,0,0,-0.01122712,0.8555218,0.06062542,-0.5140827,0,0,0,0,0,0,0,0,0,0,0,0,0,0,0,0
-0.02208764,0.8894305,0.06187323,-0.4523244,-0.02417228,0.8735867,0.06108896,-0.4822137,0.002425318,0.8566869,0.02868485,-0.5150328,0,0,0,0,0.6391325,-0.5909606,-0.3834782,0.3085769,0.8248428,-0.01642511,-0.5615868,-0.06312656,0.8510576,0.08400927,0.1201866,-0.5041813,0.8292395,-0.2341099,-0.02628785,-0.5068169,0.6967341,0.4478183,-0.4207542,-0.3701166,0.9245657,0.06717109,-0.2891143,-0.2389126,0.3964691,-0.1996208,0.8946647,0.0503876,0.4127906,-0.02123501,0.908506,0.06139923,0.7334998,-0.6743852,-0.08391614,-0.01186587,0.1108687,-0.0477779,0.972163,0.2008094,-0.1815402,-0.1459922,0.953696,-0.1902457,0,0,0,0,0.5431339,0.6094412,-0.3565825,-0.4543521,0.93466,-0.01253336,0.3111827,-0.1715195,0.978856,0.0298994,0.1976964,-0.04316316,0,0,0,0,-0.0103144,0.8555409,0.05475119,-0.5147289,0,0,0,0,0,0,0,0,0,0,0,0,0,0,0,0
-0.02067707,0.892552,0.05631258,-0.4469365,-0.02275448,0.875335,0.0555057,-0.4797811,0.003460422,0.8565903,0.02296607,-0.5154741,0,0,0,0,0.6407028,-0.5909612,-0.3802356,0.3093311,0.8252415,-0.01647385,-0.5610004,-0.06311585,0.8580885,0.1163531,0.06505556,-0.4958971,0.765723,-0.2698243,-0.1641697,-0.5602781,0.6942352,0.4500302,-0.4231165,-0.3694356,0.9240099,0.05850714,-0.2914136,-0.2405426,0.3995554,-0.199055,0.8922132,0.06847128,0.4189039,-0.0173518,0.9028082,0.09568536,0.7332938,-0.6760998,-0.0698754,-0.01693331,0.1075578,-0.05062541,0.9672048,0.2244622,-0.127466,-0.1405278,0.9586608,-0.21207,0,0,0,0,0.5428203,0.6111495,-0.3580855,-0.4512396,0.9316382,-0.01801649,0.3175521,-0.1757451,0.978762,0.02988927,0.1982177,-0.04290934,0,0,0,0,-0.009364483,0.8555159,0.04972558,-0.5152982,0,0,0,0,0,0,0,0,0,0,0,0,0,0,0,0
-0.008878945,0.8899287,0.04494791,-0.4537927,-0.01043085,0.8736727,0.04461332,-0.4843521,0.007464404,0.8559172,0.01779707,-0.5167526,0,0,0,0,0.6409779,-0.5916522,-0.378214,0.3099182,0.8254577,-0.01650208,-0.5606825,-0.06310754,0.8473328,0.06366774,0.1548138,-0.5039901,0.6906443,-0.3509913,-0.136181,-0.6174709,0.6917105,0.4510306,-0.4254304,-0.370293,0.9240338,0.04996167,-0.2915114,-0.2422531,0.3938567,-0.1963701,0.8929937,0.09422286,0.4172736,-0.01070353,0.9014522,0.1146821,0.7174559,-0.6931881,-0.0687999,0.003714079,0.08957895,-0.06483256,0.9675906,0.2270259,-0.1268726,-0.1402406,0.9579771,-0.2156754,0,0,0,0,0.5473299,0.6044151,-0.3646103,-0.4496352,0.9303535,-0.01583774,0.3125557,-0.1910512,0.9794878,0.03015835,0.1945581,-0.04290998,0,0,0,0,-0.006909216,0.8549428,0.04569325,-0.5166596,0,0,0,0,0,0,0,0,0,0,0,0,0,0,0,0
0.000839229,0.9071901,0.0526224,-0.417416,-0.002048419,0.8829288,0.05258922,-0.4665478,0.0106026,0.8555487,0.01792536,-0.5173032,0,0,0,0,0.6392267,-0.5930217,-0.3783646,0.3107327,0.8255235,-0.01652164,-0.5605855,-0.06310192,0.8389807,0.03785739,0.1977426,-0.5055454,0.5995781,-0.4545105,-0.1362702,-0.6444817,0.6920738,0.4505335,-0.4254396,-0.3702089,0.9269347,0.0424164,-0.2820731,-0.2437782,0.3976463,-0.198816,0.8890786,0.1090361,0.4248312,0.00556153,0.8943781,0.1399121,0.8494296,-0.5183078,0.05001034,-0.08558842,0.1145078,-0.04665147,0.961222,0.2465034,-0.116669,-0.1519893,0.9483256,-0.2529154,0,0,0,0,0.5187004,0.6284028,-0.3376772,-0.4712048,0.9157615,-0.01165259,0.3512665,-0.1945686,0.9802961,0.0297618,0.1898436,-0.0457518,0,0,0,0,-0.004512315,0.854701,0.04492615,-0.5171532,0,0,0,0,0,0,0,0,0,0,0,0,0,0,0,0
0.003942779,0.9006118,0.05375117,-0.4312699,0.001366656,0.8789473,0.05387825,-0.4738638,0.01347223,0.8552636,0.01798948,-0.5177055,0,0,0,0,0.637695,-0.5941088,-0.3793011,0.3106616,0.8256436,-0.01654338,-0.5604084,-0.06309811,0.8259782,0.007170145,0.2483819,-0.5059793,-0.5765536,0.7216168,-0.08721755,0.3731598,0.6918837,0.4516658,-0.424322,-0.3704668,0.9250484,0.03750313,-0.2881381,-0.2446539,0.3908182,-0.1940813,0.8907241,0.1272952,0.4191,-0.007815597,0.8940322,0.1581152,0.8428132,-0.5291183,0.04987168,-0.08492742,0.1153793,-0.04673778,0.961193,0.2461934,-0.1381777,-0.1596438,0.9440432,-0.2533837,0,0,0,0,0.5087473,0.6307241,-0.3350024,-0.4807668,0.9206645,-0.0012426,0.3361654,-0.1984144,0.9839694,0.03042303,0.1700555,-0.04426935,0,0,0,0,-0.001280676,0.8545372,0.04420649,-0.5175038,0,0,0,0,0,0,0,0,0,0,0,0,0,0,0,0
0.002734872,0.9000332,0.05376902,-0.4324831,0.000163683,0.8783502,0.05383828,-0.4749761,0.0134845,0.8547045,0.01884867,-0.5185972,0,0,0,0,0.6372344,-0.5944042,-0.3790672,0.3113263,0.825587,-0.01655156,-0.5604906,-0.06310604,0.8622396,0.135786,0.02937016,-0.4870753,-0.3661983,0.05833192,0.467484,0.802468,0.6915057,0.4505974,-0.4255851,-0.3710246,0.9200509,0.03252555,-0.3034557,-0.2456891,0.3953542,-0.1913456,0.888593,0.1322282,0.4244792,0.005088835,0.8880883,0.1763258,0.8476413,-0.5194725,0.05881424,-0.09051754,0.1206574,-0.04651956,0.9611527,0.2438506,-0.1382776,-0.1630899,0.9439652,-0.2514172,0,0,0,0,0.5006592,0.6342366,-0.3341757,-0.4851916,0.9213412,-0.001049375,0.3347399,-0.1976833,0.9980809,0.03833271,-0.03116758,-0.03733063,0,0,0,0,-0.000642489,0.8540524,0.04352492,-0.5183625,0,0,0,0,0,0,0,0,0,0,0,0,0,0,0,0
0.002442119,0.9000663,0.05410224,-0.4323744,-0.000190916,0.8779825,0.054157,-0.4756194,0.01398307,0.8538944,0.01994493,-0.5198761,0,0,0,0,0.6365985,-0.594731,-0.379072,0.3119966,0.8255267,-0.01656132,-0.5605779,-0.06311775,0.8212202,-0.003301066,0.2649784,-0.5053445,-0.6161075,0.6641804,-0.06965744,0.4176407,0.6908883,0.4490575,-0.4271648,-0.3722242,0.9191753,0.03117002,-0.3062522,-0.2456723,0.8689516,-0.232712,0.4364818,-0.0158697,0.8997728,-0.1017832,0.4071546,0.1194746,0.8509358,-0.5128857,0.06391969,-0.09365246,0.1222069,-0.05136901,0.9666207,0.2192509,-0.1048489,-0.1533209,0.9525244,-0.2412397,0,0,0,0,0.4924482,0.6389024,-0.331472,-0.4893106,0.9213286,-0.001811321,0.3348908,-0.1974806,0.9980166,0.03909808,-0.03256423,-0.03706543,0,0,0,0,0.00000276,0.8533174,0.04314749,-0.5196033,0,0,0,0,0,0,0,0,0,0,0,0,0,0,0,0
0.004312958,0.9022998,0.0544784,-0.4276315,0.001494437,0.8790172,0.05462842,-0.4736477,0.01581621,0.8532902,0.02136662,-0.5207582,0,0,0,0,0.6356723,-0.5950038,-0.3799022,0.3123549,0.8255694,-0.01657803,-0.5605136,-0.06312617,0.8442975,0.04893366,0.178755,-0.502806,0.6404138,-0.5315764,-0.1199868,-0.5412025,0.6904802,0.4489641,-0.4273199,-0.3729156,0.917606,0.03137098,-0.311299,-0.2451693,0.4241166,-0.192027,0.8754057,0.1300606,0.452728,-0.01140526,0.8794139,0.1467597,0.8461929,-0.5179952,0.07480675,-0.1002121,0.03198594,-0.04815372,0.9906611,0.1234856,-0.2217843,-0.1506566,0.9535636,-0.1372251,0,0,0,0,0.4911131,0.6407336,-0.3288251,-0.4900433,0.9213684,-0.002796041,0.33975,-0.1887918,0.9980676,0.04275208,-0.001045907,-0.04507932,0,0,0,0,0.001332428,0.8528198,0.04299379,-0.5204307,0,0,0,0,0,0,0,0,0,0,0,0,0,0,0,0
0.004612479,0.9024521,0.05522809,-0.4272106,0.001720785,0.8788999,0.05539364,-0.4737758,0.01649286,0.852688,0.02374911,-0.5216198,0,0,0,0,0.6346276,-0.5952511,-0.3812069,0.3124183,0.8257323,-0.01661143,-0.5602717,-0.06313462,0.84583,0.05318757,0.1719874,-0.5021585,0.7154571,-0.4862417,-0.06776858,-0.4970891,0.6901944,0.4486019,-0.4271564,-0.3740661,0.9196487,0.02939846,-0.30667,-0.2435887,0.4709686,-0.1996395,0.8510413,0.1185804,0.5017138,-0.009990023,0.8599672,0.09295135,0.842766,-0.5214088,0.08204603,-0.1055775,-0.1721876,-0.03416227,0.9801365,0.09228627,-0.1381188,-0.1416218,0.9687679,-0.1495166,0,0,0,0,0.4934343,0.6383137,-0.3299515,-0.4901125,0.9237781,-0.00842115,0.3401749,-0.1756248,0.9976059,0.0502575,0.004622879,-0.0472803,0,0,0,0,0.00223716,0.8522851,0.04381637,-0.5212342,0,0,0,0,0,0,0,0,0,0,0,0,0,0,0,0
0.003773687,0.9036316,0.05710599,-0.4244697,0.000671711,0.8792865,0.0572266,-0.4728424,0.01583119,0.85187,0.02788636,-0.5227709,0,0,0,0,0.6334294,-0.5953073,-0.3832925,0.3121911,0.8258787,-0.01665267,-0.5600523,-0.06315456,0.8464755,0.05482651,0.169533,-0.5017288,0.7775531,-0.506508,0.07527249,-0.364959,0.6905439,0.4462851,-0.4273317,-0.3759872,0.9351782,0.02363121,-0.2641245,-0.2347798,0.4372298,-0.2026277,0.8681837,0.1184446,0.4684115,-0.01454392,0.8800563,0.07668232,0.8369215,-0.5272442,0.0917328,-0.1147215,-0.3203077,-0.02919808,0.9436101,0.07842486,-0.04166623,-0.1248344,0.9799124,-0.14984,0,0,0,0,0.4930649,0.6383966,-0.3291323,-0.4909264,0.9220349,-0.01687151,0.343646,-0.1774103,0.9966862,0.05466082,0.03854758,-0.04629222,0,0,0,0,0.002612059,0.8514995,0.04612537,-0.5223163,0,0,0,0,0,0,0,0,0,0,0,0,0,0,0,0
-0.00683917,0.8756578,0.06691625,-0.4782248,-0.008531266,0.8632687,0.06672164,-0.5002427,0.01485704,0.8508929,0.03604324,-0.5238906,0,0,0,0,0.6325946,-0.5938869,-0.3869935,0.3120233,0.8259429,-0.01668958,-0.5599533,-0.06318281,0.8441954,0.04801271,0.1810897,-0.5022305,0.8122528,-0.4296876,0.08143958,-0.3859814,0.6925412,0.4419648,-0.4275417,-0.3771761,0.9338557,0.03055836,-0.2727571,-0.2293105,0.9124254,-0.2123995,0.3447281,-0.05940427,0.9381824,-0.03172632,0.3438739,0.02362111,0.8623154,-0.5025511,-0.04671586,-0.04089189,-0.2794098,-0.04637372,0.9570358,0.06214648,0.194345,-0.1049361,0.9595543,-0.1745681,0,0,0,0,0.4826437,0.6361808,-0.3301522,-0.5033176,0.9480762,-0.01931011,0.283887,-0.1420798,0.9956579,0.07236719,0.0334557,-0.04805414,0,0,0,0,0.001682258,0.8506542,0.05015567,-0.5233249,0,0,0,0,0,0,0,0,0,0,0,0,0,0,0,0
-0.009485006,0.915576,0.10171,-0.3889546,-0.01659332,0.88605,0.1007946,-0.4521952,0.01213959,0.8513387,0.05434432,-0.5216529,0,0,0,0,0.6297482,-0.5919468,-0.3937698,0.3129882,0.8259592,-0.01671992,-0.5599242,-0.06322055,0.8402436,0.03728162,0.1990261,-0.5029804,0.814921,-0.4128698,0.1024812,-0.393624,0.7002161,0.4379188,-0.4222653,-0.3736529,0.9461845,0.03119656,-0.2310739,-0.2244248,0.9342178,-0.2053911,0.2786711,-0.08598788,0.9616327,-0.004132214,0.273865,0.01560268,0.794864,-0.5864124,0.04954783,-0.1478401,-0.3719947,-0.07939319,0.9222329,0.06930573,-0.3708758,-0.1757787,0.9085944,-0.07751942,0,0,0,0,0.5085189,0.6434966,-0.2956211,-0.4898253,0.9180341,-0.05577337,0.3744412,-0.1178836,0.993272,0.09943805,0.03278517,-0.04947764,0,0,0,0,-0.002910358,0.8515108,0.06008594,-0.5208748,0,0,0,0,0,0,0,0,0,0,0,0,0,0,0,0
-0.0110207,0.9055071,0.1038022,-0.4112912,-0.01689774,0.880689,0.1030089,-0.4620504,0.008302004,0.8525112,0.06670486,-0.5183687,0,0,0,0,0.6275049,-0.5911937,-0.3988974,0.3124234,0.8259335,-0.01673108,-0.5599577,-0.06325559,0.8339173,0.02202458,0.2242657,-0.5037875,0.8095057,-0.4082578,0.1234238,-0.4034755,0.7068834,0.4357129,-0.4161733,-0.3704996,0.9416705,0.044513,-0.2461035,-0.2251849,0.9223675,-0.1940849,0.322998,-0.08509754,0.9485127,-0.01594854,0.3152402,0.02632301,0.7967411,-0.5901268,0.01806526,-0.1289482,-0.1705667,-0.09732699,0.979345,0.0481445,-0.2858672,-0.09951279,0.9223418,-0.2401306,0,0,0,0,0.5183194,0.6307561,-0.3047675,-0.4905188,0.9292884,-0.08078004,0.3483514,-0.09246138,0.9870392,0.1396639,0.05595472,-0.05582782,0,0,0,0,-0.004533709,0.8529028,0.06767499,-0.5176451,0,0,0,0,0,0,0,0,0,0,0,0,0,0,0,0
-0.01030826,0.9048917,0.1070511,-0.4118311,-0.01622714,0.8806688,0.106315,-0.4613634,0.004102323,0.8526307,0.08042675,-0.5162708,0,0,0,0,0.6237186,-0.591531,-0.4050795,0.311411,0.8258985,-0.0167508,-0.5600042,-0.06329694,0.8385186,0.03259783,0.2065459,-0.5031527,0.813107,-0.3905341,0.09085941,-0.4220009,0.7128289,0.430354,-0.4111021,-0.371033,0.9515487,0.05248273,-0.2091186,-0.2192488,0.898772,-0.1880082,0.3861785,-0.08790905,0.904958,-0.04678647,0.4134511,-0.08899669,0.7999918,-0.5877696,0.00172645,-0.1205696,-0.1823379,-0.1075623,0.9763663,0.04349691,-0.04374064,-0.0209322,0.9629006,-0.2654636,0,0,0,0,0.5209438,0.6303265,-0.3013894,-0.490378,0.9617161,-0.1141212,0.234105,-0.08528329,0.9760334,0.1680906,0.1205274,-0.06765582,0,0,0,0,-0.005083208,0.8532029,0.07743094,-0.5157745,0,0,0,0,0,0,0,0,0,0,0,0,0,0,0,0
-0.01003421,0.919553,0.1183588,-0.3745834,-0.0185125,0.8902621,0.1173319,-0.4396862,-0.002751878,0.8533486,0.09372441,-0.5128394,0,0,0,0,0.6214238,-0.5909509,-0.4110537,0.3092643,0.8423499,-0.01866784,-0.534934,-0.06279896,0.8510149,0.05013912,0.2171683,-0.4754972,0.6710448,-0.3594764,-0.001385563,-0.6484393,0.7179686,0.4270183,-0.4045381,-0.37219,0.9595532,0.05866427,-0.1743963,-0.2130775,0.8971022,-0.1842959,0.3908401,-0.09212362,0.8911074,-0.01386764,0.4356428,-0.1262957,0.7378119,-0.6563168,0.02053373,-0.1563978,-0.3923924,-0.03554838,0.9106292,-0.124575,0.1640963,-0.1809381,0.9644988,-0.1003788,0,0,0,0,0.5495182,0.6170843,-0.3015764,-0.4756977,0.9789983,-0.1576721,0.08382434,-0.09836303,0.9542398,0.2002174,0.2067952,-0.08108724,0,0,0,0,-0.008330848,0.8539748,0.08886884,-0.5126013,0,0,0,0,0,0,0,0,0,0,0,0,0,0,0,0
0.004764926,0.926849,0.1194649,-0.3558881,-0.004904634,0.8950585,0.1194593,-0.4296229,-0.001012023,0.8538671,0.09386759,-0.511956,0,0,0,0,0.6212115,-0.5904129,-0.4150907,0.3053006,0.8408359,-0.01849591,-0.5373072,-0.06288078,0.8502054,0.04858097,0.2159811,-0.477643,-0.652154,0.1890866,0.07249875,0.7305377,0.7202678,0.4238535,-0.4013641,-0.3747924,0.9602469,0.06698923,-0.1728957,-0.2086753,0.8802423,-0.1568752,0.4334539,-0.1126114,0.8852019,-0.06345368,0.4496494,-0.1010286,-0.6259317,0.7711378,0.04907852,0.1055801,-0.4039633,-0.05772121,0.9038312,-0.1287289,-0.334321,-0.1835671,0.9243867,0.006460024,0,0,0,0,0.6104411,0.577673,-0.3115422,-0.4433925,0.9623411,-0.2430153,0.07059015,-0.09929841,0.9277439,0.2055722,0.295497,-0.09855442,0,0,0,0,-0.007316993,0.8540558,0.09481272,-0.5114154,0,0,0,0,0,0,0,0,0,0,0,0,0,0,0,0
0.009062211,0.9293514,0.1195839,-0.3491754,-0.000904352,0.8971283,0.1199234,-0.4251803,0.001627405,0.8549225,0.09401117,-0.5101635,0,0,0,0,0.6208308,-0.589915,-0.4188923,0.3018254,0.7276508,-0.006613951,-0.6828061,-0.06524104,0.8770933,0.09554256,-0.3654046,-0.2967465,-0.4804212,-0.321771,-0.04615806,0.8145725,0.7233682,0.4225017,-0.3968443,-0.3751604,0.9598713,0.08812672,-0.1672097,-0.2071753,0.8482227,-0.1463589,0.4953352,-0.1172192,0.8558636,-0.06504405,0.5063961,-0.08264153,-0.6380594,0.7597988,0.02983707,0.1212262,-0.4077173,-0.06290699,0.9006423,-0.1365755,-0.3493394,-0.1332303,0.9272414,0.02085864,0,0,0,0,0.6162626,0.5745633,-0.3094068,-0.4408683,0.9610673,-0.2450417,0.07129937,-0.1059279,0.9400398,0.1829074,0.2712436,-0.09642155,0,0,0,0,-0.005640188,0.854754,0.09958983,-0.5093582,0,0,0,0,0,0,0,0,0,0,0,0,0,0,0,0
0.007217678,0.9289781,0.1206137,-0.3498569,-0.002728588,0.8970501,0.1207986,-0.4250899,-0.0000513,0.855399,0.09443572,-0.5092882,0,0,0,0,0.6211776,-0.5895074,-0.4204104,0.2997907,0.7451545,-0.008314339,-0.6636569,-0.06507865,-0.3525086,-0.2935976,0.8792234,0.1284692,-0.3364819,-0.2518558,-0.004149467,0.9073762,0.7238153,0.4216259,-0.3950267,-0.3771959,0.9513742,0.1095474,-0.2003599,-0.2067427,0.8751491,-0.1251357,0.4490572,-0.1296251,0.8778909,-0.03369625,0.4645434,-0.111228,-0.6408612,0.7564213,0.0240036,0.1286376,-0.4043306,-0.06091169,0.8983318,-0.1606441,-0.1654926,-0.131731,0.9771687,0.02001418,0,0,0,0,0.6156121,0.5742389,-0.3105597,-0.4413888,0.9427269,-0.3100903,0.05357116,-0.1106354,0.9382681,0.196243,0.2655713,-0.1030217,0,0,0,0,-0.007403597,0.8548564,0.103751,-0.5083321,0,0,0,0,0,0,0,0,0,0,0,0,0,0,0,0
0.009262782,0.9360234,0.1182602,-0.3313442,-0.00150989,0.9020835,0.1186128,-0.4149389,0.000491969,0.8561953,0.09140801,-0.5085016,0,0,0,0,0.621682,-0.5895832,-0.4205914,0.2983388,0.7444013,-0.008245043,-0.664499,-0.0651145,-0.3304127,-0.2980191,0.8871911,0.1220815,-0.3136527,-0.2614466,-0.06334117,0.9106347,0.7227798,0.4259132,-0.3924521,-0.3770525,0.9546682,0.1128539,-0.1851099,-0.2039775,0.8921015,-0.1123598,0.4144832,-0.1404773,0.9150215,0.001431193,0.3990451,0.05913199,-0.6486902,0.7472195,0.002613565,0.1444203,-0.4219952,-0.06446843,0.8919176,-0.1491542,0.2517971,-0.1286944,0.9583982,-0.03884408,0,0,0,0,0.616019,0.5811605,-0.3034793,-0.4366616,0.9343189,-0.3324057,0.05591914,-0.1158782,0.932214,0.1953347,0.2853943,-0.1066377,0,0,0,0,-0.007226699,0.8554085,0.1035188,-0.5074525,0,0,0,0,0,0,0,0,0,0,0,0,0,0,0,0
0.008879446,0.9397395,0.1177324,-0.3208582,-0.002439762,0.9046804,0.1180416,-0.4094064,-0.00054697,0.8563258,0.08985254,-0.5085592,0,0,0,0,0.6221297,-0.5896749,-0.420189,0.2977909,0.7645489,-0.01025548,-0.6412132,-0.06484948,-0.3014308,-0.2762367,0.9080302,0.09118147,-0.3179616,-0.2460304,-0.005758048,0.9156071,0.720911,0.428624,-0.391831,-0.3782026,0.9491944,0.1201968,-0.2066557,-0.2046367,0.8990192,-0.1045841,0.3999656,-0.1444096,0.9161811,0.04671672,0.397776,0.01428486,-0.6532097,0.7400931,-0.01475064,0.1592536,-0.4331697,-0.06519436,0.8881639,-0.1388473,0.2245601,-0.1246759,0.9657741,-0.0361793,0,0,0,0,0.6166245,0.584421,-0.3003535,-0.4336058,0.9237977,-0.3592567,0.06258842,-0.1166839,0.9234233,0.2092325,0.3044797,-0.1039387,0,0,0,0,-0.008488415,0.8553703,0.1036716,-0.507466,0,0,0,0,0,0,0,0,0,0,0,0,0,0,0,0
0.01297728,0.9497762,0.1095676,-0.2928341,0.000861008,0.9118542,0.1103301,-0.3954091,0.0000739,0.8558972,0.08491471,-0.5101269,0,0,0,0,0.6238467,-0.5893725,-0.4176671,0.2983449,0.7641432,-0.01022608,-0.6416947,-0.06487314,-0.2963243,-0.2771442,0.9095487,0.09002234,-0.327833,-0.2299939,-0.0126253,0.9162254,0.7184932,0.4297891,-0.3952392,-0.3779351,0.9401114,0.129957,-0.2412057,-0.2027844,0.8176563,-0.1102045,0.546167,-0.1448953,0.8316678,0.03584231,0.5541154,-0.00034489,-0.6529958,0.7331151,-0.05340697,0.1824452,-0.4579135,-0.07114555,0.8765081,-0.1303343,0.2954941,-0.1194984,0.9464939,-0.05052373,0,0,0,0,0.6172214,0.5902097,-0.2978719,-0.426571,0.9181662,-0.3666922,0.07302736,-0.1310523,0.9243969,0.2130675,0.2989492,-0.1035465,0,0,0,0,-0.007427605,0.8549905,0.09862515,-0.5091258,0,0,0,0,0,0,0,0,0,0,0,0,0,0,0,0
-0.003049408,0.908228,0.1052563,-0.4050106,-0.008970688,0.8839846,0.1049177,-0.4555029,-0.000061,0.8560193,0.08051633,-0.510635,0,0,0,0,0.6247327,-0.589897,-0.4148356,0.2994029,0.7691725,-0.01072788,-0.6356555,-0.0648116,-0.3692563,-0.2710172,0.8822811,0.1085335,-0.4018843,-0.2513849,0.01598475,0.880363,0.7145916,0.4363853,-0.3955682,-0.3774287,0.932348,0.1373621,-0.2663491,-0.2022793,0.8173963,-0.10756,0.5472642,-0.144208,0.8245777,0.05841436,0.5624562,-0.01738807,0.8613358,-0.4985265,-0.07367337,-0.06437625,-0.3558319,-0.07330562,0.9228821,-0.127666,-0.3566075,-0.1273571,0.9249018,0.03417376,0,0,0,0,0.5678493,0.6109669,-0.3039979,-0.4602736,0.9177681,-0.3679242,0.07234222,-0.130767,0.9333675,0.2230113,0.2644688,-0.09564219,0,0,0,0,-0.008359654,0.8551512,0.09441502,-0.5096394,0,0,0,0,0,0,0,0,0,0,0,0,0,0,0,0
-0.002847738,0.9080436,0.1042494,-0.4056856,-0.008797821,0.8833882,0.1039165,-0.4568908,-0.00047309,0.8550577,0.07833397,-0.5125815,0,0,0,0,0.6248023,-0.5905373,-0.4134571,0.2999016,0.7541606,-0.009217672,-0.6533931,-0.06507169,-0.3609809,-0.2961361,0.8755327,0.1242523,-0.402111,-0.2355205,0.000557521,0.8847805,0.7111995,0.4373766,-0.3981014,-0.3800161,0.9324827,0.1436128,-0.2600769,-0.2054541,0.9420191,-0.06554022,0.2842214,-0.1658998,0.9564872,0.05329236,0.2859533,-0.022866,0.8411574,-0.5327566,-0.05380694,-0.07569246,-0.3556042,-0.07718236,0.9239561,-0.1178713,-0.3484562,-0.1276268,0.9282976,0.02352123,0,0,0,0,0.5449817,0.6217561,-0.3008178,-0.4753134,0.9198363,-0.3615828,0.07418955,-0.1328725,0.9281094,0.222004,0.2814034,-0.1006938,0,0,0,0,-0.008590081,0.8541559,0.09269532,-0.5116166,0,0,0,0,0,0,0,0,0,0,0,0,0,0,0,0
-0.02395673,0.9087266,0.1190418,-0.3993384,-0.03089081,0.8837661,0.1174335,-0.4518989,-0.004909425,0.8557947,0.07958274,-0.511134,0,0,0,0,0.6263806,-0.5897989,-0.4102775,0.3024183,0.7537554,-0.009171911,-0.6538581,-0.06510214,0.8515226,0.1387137,-0.4138772,-0.2904711,-0.4126976,-0.2640041,0.04069409,0.8708195,0.710234,0.4381208,-0.3988541,-0.3801753,0.9332327,0.1452916,-0.2541414,-0.2082765,-0.2792978,-0.1697442,0.9428528,0.06487085,-0.2814916,-0.03437441,0.9582013,-0.03782882,0.8358831,-0.5347592,-0.02167418,-0.1219115,-0.3710561,-0.04638555,0.9207062,-0.1116516,-0.3472236,-0.1370032,0.9275511,0.01774395,0,0,0,0,0.5245084,0.6378569,-0.2915556,-0.4827265,0.9321144,-0.3416469,0.048868,-0.1097818,0.9330826,0.236771,0.2513349,-0.1006333,0,0,0,0,-0.01922484,0.8546752,0.09644657,-0.5097634,0,0,0,0,0,0,0,0,0,0,0,0,0,0,0,0
-0.02161595,0.9088994,0.118572,-0.3992183,-0.02853792,0.8839017,0.1170989,-0.4518752,-0.008838212,0.8559392,0.08145224,-0.5105443,0,0,0,0,0.625985,-0.5903429,-0.4098175,0.3027997,0.7554838,-0.009338649,-0.6518578,-0.06510234,0.911428,0.0866345,-0.2531387,-0.312593,-0.4567291,-0.1466857,0.03982805,0.8765247,0.7098006,0.4380632,-0.3984526,-0.3814698,0.9322417,0.147332,-0.2542551,-0.2111234,-0.3156358,-0.1685512,0.9309278,0.07306181,-0.3183798,-0.05621921,0.9462945,-0.000650563,0.8352036,-0.536487,-0.02472906,-0.1183435,-0.3710488,-0.04344379,0.9211733,-0.108974,-0.3462341,-0.1404131,0.9274675,0.01449924,0,0,0,0,0.5211086,0.6398989,-0.2891463,-0.485149,0.958093,-0.2559556,0.07308681,-0.1058425,0.9331377,0.2235893,0.2653248,-0.09415211,0,0,0,0,-0.02214712,0.854651,0.09887593,-0.5092198,0,0,0,0,0,0,0,0,0,0,0,0,0,0,0,0
-0.01989719,0.9074889,0.1193999,-0.4022582,-0.02668101,0.8830449,0.1180692,-0.4534087,-0.01132469,0.8560345,0.08413092,-0.5099006,0,0,0,0,0.6251645,-0.5907665,-0.4106204,0.3025807,0.7564949,-0.009437041,-0.6506817,-0.06511257,0.9449455,0.01281372,-0.03451316,-0.3251502,-0.4540538,-0.01285626,0.01885003,0.890682,0.7107776,0.436461,-0.3976005,-0.3823753,0.927384,0.1494799,-0.2686378,-0.2131864,-0.3394078,-0.1667393,0.9224131,0.0784502,-0.3375699,-0.05266878,0.9384871,0.0501465,0.8413089,-0.527366,-0.02839708,-0.1152301,-0.3679911,-0.0425697,0.9228253,-0.1056588,-0.3453816,-0.1441145,0.9273235,0.003704819,0,0,0,0,0.5143577,0.6426929,-0.2861011,-0.4904367,0.9740721,-0.1905292,0.06926193,-0.1004239,0.9324997,0.1960415,0.2850878,-0.103619,0,0,0,0,-0.02302749,0.8546494,0.1015845,-0.5086499,0,0,0,0,0,0,0,0,0,0,0,0,0,0,0,0
-0.01818247,0.9060751,0.1248569,-0.4038663,-0.02516585,0.8819636,0.1236387,-0.4541149,-0.01381269,0.8560519,0.0887346,-0.509029,0,0,0,0,0.6237589,-0.5912584,-0.4120489,0.3025792,0.7758717,-0.01141923,-0.6274475,-0.06482518,0.9413514,0.03231703,-0.02931145,-0.3345953,-0.5341214,0.01029138,0.09723878,0.8397339,0.7140398,0.4297162,-0.3976311,-0.383902,0.9301833,0.1445197,-0.2564483,-0.2193339,-0.376797,-0.1634369,0.9068444,0.09458177,-0.3720431,-0.04110876,0.9239071,0.07930711,0.8567898,-0.4995081,-0.01224873,-0.1274875,-0.3671325,-0.03754448,0.9229208,-0.1096417,-0.4014909,-0.1545216,0.9024462,-0.02278121,0,0,0,0,0.5011047,0.6473632,-0.2793922,-0.5017518,0.9537671,-0.11378,0.2730894,-0.05295904,0.9612371,0.1358492,0.2159218,-0.1046226,0,0,0,0,-0.02432029,0.8544791,0.106875,-0.5077911,0,0,0,0,0,0,0,0,0,0,0,0,0,0,0,0
-0.01422701,0.8980471,0.125509,-0.4213743,-0.02021266,0.8768694,0.124685,-0.4638374,-0.009254841,0.8552328,0.08908475,-0.5104461,0,0,0,0,0.6222223,-0.5917643,-0.4142094,0.3018031,0.7753191,-0.01136514,-0.6281275,-0.06486181,0.9420912,0.01496131,0.01698827,-0.3345919,-0.5989953,0.06218608,0.1027345,0.7916964,0.7144404,0.4277297,-0.3977512,-0.3852481,0.9250777,0.1390107,-0.2741085,-0.223096,-0.3420747,-0.1673325,0.9199066,0.09357778,-0.3334708,-0.0205501,0.9366976,0.1047501,0.8560216,-0.501422,-0.01195438,-0.1251399,-0.3477548,-0.04639923,0.928476,-0.1218449,-0.3836054,-0.1438209,0.9118294,-0.02701146,0,0,0,0,0.5007766,0.6367089,-0.2873682,-0.5111206,0.9362277,-0.09084871,0.3338442,-0.0614182,0.9696432,0.13372,0.1847925,-0.0881066,0,0,0,0,-0.02060064,0.8537574,0.1072004,-0.5090991,0,0,0,0,0,0,0,0,0,0,0,0,0,0,0,0
-0.006471814,0.8883716,0.1250918,-0.4417081,-0.01132856,0.8705336,0.1247458,-0.4759005,0.002159789,0.8534888,0.08605997,-0.5139513,0,0,0,0,0.6204481,-0.5922706,-0.4167774,0.300926,0.8354801,-0.01795826,-0.5455573,-0.06338539,0.8360273,0.07228089,0.1751072,-0.5149479,-0.6483906,0.1235961,0.0524506,0.7493748,0.7158922,0.4207559,-0.4010965,-0.3867614,0.9307863,0.1187847,-0.2572514,-0.2309735,-0.3707564,-0.1483895,0.9079898,0.1267862,-0.3645443,-0.02799724,0.9274916,0.07799365,0.8604899,-0.4963397,-0.02277388,-0.1126294,-0.2983783,-0.04457956,0.9443353,-0.131202,0.2280568,-0.1834671,0.9562017,-0.002862473,0,0,0,0,0.498154,0.6283823,-0.2912131,-0.5217023,0.9423968,-0.03609677,0.3202879,-0.08944792,0.9733012,0.08504039,0.2017678,-0.06886644,0,0,0,0,-0.01253192,0.8522336,0.1051821,-0.5123256,0,0,0,0,0,0,0,0,0,0,0,0,0,0,0,0
0.01575442,0.8824194,0.1113532,-0.4568241,0.0119771,0.8664547,0.1118226,-0.4864243,0.01355968,0.8517841,0.0772162,-0.517994,0,0,0,0,0.6192278,-0.5935977,-0.4185714,0.2983235,0.8247111,-0.01672318,-0.5617023,-0.0637375,0.8394979,0.05869861,0.1642828,-0.514596,-0.6503208,0.1388092,0.08347742,0.7421903,0.7131102,0.4202774,-0.4031376,-0.390283,0.9598565,0.06960538,-0.1196379,-0.2439619,-0.3702924,-0.148321,0.898386,0.1838128,-0.3731768,-0.0221859,0.9273831,0.01440667,0.8644447,-0.4943183,-0.06676407,-0.06266754,-0.3057975,-0.03269393,0.9515166,0.005922133,-0.3482562,-0.1623764,0.9192254,-0.08588485,0,0,0,0,0.4980017,0.6272551,-0.2891438,-0.5243482,0.9442363,0.001447177,0.3058151,-0.1220363,0.9792495,0.06864231,0.1817788,-0.05757733,0,0,0,0,-0.003401987,0.8504751,0.1008842,-0.5162391,0,0,0,0,0,0,0,0,0,0,0,0,0,0,0,0
0.01683906,0.8895784,0.1085385,-0.4433803,0.01230183,0.870331,0.1091459,-0.4800624,0.0178255,0.8511659,0.06932097,-0.5199937,0,0,0,0,0.6209553,-0.5935021,-0.4161709,0.2982811,0.8246027,-0.01669756,-0.5618608,-0.06375018,0.8503488,0.08381078,0.1198824,-0.5054809,0.7484485,-0.5580333,0.08662475,-0.3477354,0.7102083,0.4225386,-0.4063524,-0.3897985,0.9254379,0.07935417,-0.2757732,-0.24742,-0.3232233,-0.1478948,0.921637,0.1556894,-0.3192883,-0.03487796,0.9451537,0.05935474,0.8288766,-0.5518441,-0.0709806,-0.05825404,-0.3197794,-0.02938627,0.946968,0.01136091,0.1832139,-0.1005006,0.9622034,-0.1746333,0,0,0,0,0.5167221,0.6254333,-0.288307,-0.5086359,0.9379752,0.01166533,0.319788,-0.133425,0.9900982,0.05808355,0.1185035,-0.04784038,0,0,0,0,0.000475076,0.8500069,0.09372883,-0.5183655,0,0,0,0,0,0,0,0,0,0,0,0,0,0,0,0
0.009294872,0.897588,0.09493686,-0.4303909,0.004668273,0.875602,0.0952765,-0.4735206,0.01966979,0.8512442,0.05660177,-0.5213373,0,0,0,0,0.6240535,-0.593732,-0.4119279,0.2972454,0.80483,-0.01448742,-0.5898354,-0.06428785,0.8418378,0.03521277,0.1461468,-0.5183728,0.8382732,-0.3349451,0.03702169,-0.4286481,0.7056741,0.4272844,-0.409444,-0.3896251,0.9333869,0.05937233,-0.2507786,-0.2497476,0.3568403,-0.2129596,0.9065831,0.07362225,0.3750297,-0.05997122,0.9224442,-0.06966205,0.7517761,-0.6536865,-0.07358207,-0.04596089,-0.1900968,-0.01408075,0.9799624,0.05778164,-0.2681625,-0.172487,0.9379829,-0.1361073,0,0,0,0,0.5507013,0.6127419,-0.3071997,-0.4763443,0.9288855,0.009248991,0.3340966,-0.1595795,0.979367,0.03696945,0.1950897,-0.03759669,0,0,0,0,0.004716407,0.849942,0.08459128,-0.5200198,0,0,0,0,0,0,0,0,0,0,0,0,0,0,0,0
-0.004120622,0.9053672,0.0806604,-0.416878,-0.008600648,0.8807784,0.08030634,-0.4665899,0.01609062,0.8516384,0.04679372,-0.5217887,0,0,0,0,0.628924,-0.5927061,-0.4046593,0.2990066,0.8094953,-0.01499427,-0.5834179,-0.06415556,0.84382,0.07346574,0.100239,-0.5220371,0.880975,-0.3169774,-0.01212489,-0.351086,0.7010778,0.4315584,-0.4148454,-0.3874925,0.9322243,0.04573679,-0.2530698,-0.2546011,0.3954925,-0.2215501,0.8879007,0.07831752,0.4143768,-0.07019761,0.9072587,0.01568062,0.7448065,-0.6630229,-0.05502561,-0.05134472,0.1146425,-0.03240054,0.986265,0.1144058,-0.3348617,-0.1610931,0.9180133,-0.1384496,0,0,0,0,0.5501979,0.6137553,-0.3261941,-0.4628002,0.923288,-0.0092793,0.3489656,-0.1602379,0.9823791,0.0353965,0.1799745,-0.03588357,0,0,0,0,0.003064473,0.8503575,0.07507667,-0.5208129,0,0,0,0,0,0,0,0,0,0,0,0,0,0,0,0
-0.002596391,0.9055597,0.07910204,-0.4167706,-0.007044671,0.8806655,0.07883051,-0.4670808,0.01570247,0.851221,0.04441512,-0.5226887,0,0,0,0,0.6302149,-0.5923437,-0.4024571,0.2999774,0.8107633,-0.01513652,-0.5816565,-0.06410476,0.8440108,0.07029168,0.1081491,-0.5205848,0.7369867,-0.532086,-0.02802413,-0.4158723,0.6970037,0.4381183,-0.4156673,-0.386599,0.9263731,0.03308214,-0.2732075,-0.2570915,0.394644,-0.2193878,0.8869113,0.09753724,0.417661,-0.06479831,0.9011571,0.09631397,0.7448951,-0.6631603,-0.05315057,-0.05024816,0.1306642,-0.02914521,0.9755437,0.1743323,-0.3290203,-0.1709215,0.9132037,-0.1690871,0,0,0,0,0.550339,0.6137379,-0.3263553,-0.4625418,0.9229493,-0.005683638,0.3490987,-0.1620569,0.9813455,0.0335629,0.1862116,-0.03405565,0,0,0,0,0.004979111,0.8502362,0.06888453,-0.521851,0,0,0,0,0,0,0,0,0,0,0,0,0,0,0,0
0.000521124,0.906487,0.07869159,-0.4148357,-0.004004196,0.8811361,0.07859138,-0.4662688,0.01693428,0.8510454,0.04453476,-0.522926,0,0,0,0,0.6302593,-0.5921038,-0.4026266,0.30013,0.811284,-0.0152082,-0.5809309,-0.06408061,-0.1855863,-0.5237437,0.8311045,-0.02270729,-0.2581679,-0.1066174,0.5680711,0.7741299,0.6956708,0.4416842,-0.4147821,-0.3858922,0.9394178,0.006456186,-0.2261854,-0.2574734,0.2841188,-0.2111399,0.9191588,0.172753,0.3078221,-0.09988973,0.9320226,0.1630991,0.7449818,-0.6633018,-0.04729975,-0.05287282,0.1155194,-0.02785805,0.968638,0.218219,-0.1385747,-0.132142,0.9569117,-0.2183013,0,0,0,0,0.5518515,0.6129894,-0.325114,-0.4626066,0.9221647,-0.002553275,0.3511231,-0.1622289,0.9952307,0.03563212,0.08529493,-0.03115888,0,0,0,0,0.006972224,0.8502491,0.06649959,-0.5221165,0,0,0,0,0,0,0,0,0,0,0,0,0,0,0,0
0.003049055,0.9078839,0.07744853,-0.4119942,-0.001592602,0.8815932,0.07749217,-0.4656027,0.01928741,0.8504769,0.04189207,-0.5239868,0,0,0,0,0.6299609,-0.5929223,-0.4012183,0.3010253,0.8117537,-0.01527717,-0.5802752,-0.06405645,0.8517066,0.1232162,0.02280186,-0.5088159,0.873714,-0.07179947,-0.07318149,-0.4755136,0.6939532,0.4426724,-0.4162874,-0.3862317,0.9377714,-0.003951411,-0.2320437,-0.2583115,-0.4155629,-0.02093258,0.8645718,0.2817532,-0.3893757,0.07085766,0.8642301,0.3105995,0.8028916,-0.592097,-0.02617111,-0.06404268,0.1130887,-0.02178729,0.9569733,0.2663426,-0.1331634,-0.1358549,0.9510394,-0.2435881,0,0,0,0,0.5427814,0.619791,-0.3201374,-0.4677172,0.9209448,-0.001764931,0.3541747,-0.1625361,0.98581,0.03563693,0.1600252,-0.03606255,0,0,0,0,0.009099411,0.8498023,0.063324,-0.5232049,0,0,0,0,0,0,0,0,0,0,0,0,0,0,0,0
0.01360238,0.9065103,0.06920411,-0.4162509,0.009510323,0.8804708,0.06988409,-0.468825,0.02465145,0.8498388,0.03610825,-0.5252262,0,0,0,0,0.630143,-0.5935414,-0.4002575,0.300703,0.8120493,-0.01532253,-0.5798623,-0.06403731,0.7973148,-0.04986437,0.3007557,-0.5209114,0.8475818,-0.2157162,0.2581322,-0.4104136,0.6901965,0.4463972,-0.4166533,-0.3882761,0.9456768,-0.02200656,-0.1984359,-0.2565819,-0.3786593,-0.008929039,0.8706129,0.3139594,-0.3558867,0.06400862,0.8748472,0.3223197,0.7866071,-0.6093695,0.03632803,-0.09272741,0.1054927,-0.02792488,0.9585829,0.2630787,-0.1428862,-0.1368624,0.9496408,-0.2429702,0,0,0,0,0.5364144,0.6038889,-0.338748,-0.4825222,0.9178144,0.004755818,0.3507153,-0.1859914,0.9837946,0.03670238,0.1714551,-0.0374742,0,0,0,0,0.01126204,0.8492305,0.06047065,-0.5244272,0,0,0,0,0,0,0,0,0,0,0,0,0,0,0,0
0.01485295,0.9052829,0.06975447,-0.41878,0.01080717,0.8796363,0.0704947,-0.4702697,0.02504291,0.8495137,0.03691459,-0.5256772,0,0,0,0,0.6299824,-0.5933761,-0.4008895,0.3005238,0.8121499,-0.01533963,-0.5797222,-0.06402631,0.8393083,0.04807513,0.1472229,-0.5211294,0.8861677,-0.1381934,0.0834776,-0.434328,0.6896461,0.4470017,-0.4164715,-0.3887533,0.9456691,-0.02382395,-0.1940189,-0.2598056,-0.4049301,0.013502,0.8536438,0.3273248,-0.3695941,0.1187384,0.857379,0.3379389,0.7729103,-0.6273053,0.03081056,-0.09026957,0.1037668,-0.02895579,0.9603858,0.2570082,-0.1413668,-0.1352974,0.9502208,-0.2424676,0,0,0,0,0.5388657,0.6024385,-0.3382908,-0.4819242,0.9194506,0.004829654,0.3480021,-0.1829806,0.9852479,0.03894945,0.1620983,-0.03864994,0,0,0,0,0.01228651,0.8489648,0.06011637,-0.524875,0,0,0,0,0,0,0,0,0,0,0,0,0,0,0,0
0.01767394,0.9063319,0.06907303,-0.4165082,0.01359113,0.8803351,0.06999096,-0.4689634,0.0266495,0.8495808,0.03600483,-0.525553,0,0,0,0,0.6301795,-0.5931797,-0.4009646,0.3003983,-0.4830349,-0.01374262,0.8731229,0.0643797,0.9613984,-0.1690055,0.04547864,-0.2123253,0.9682873,-0.2496267,0.01021166,-0.001385854,0.6899079,0.4475582,-0.4162073,-0.3879308,0.9453033,-0.0244776,-0.1949111,-0.2604079,-0.4030889,0.02262882,0.8520356,0.3332306,-0.3613538,0.1423047,0.8482457,0.3600723,0.7561642,-0.647595,0.02971315,-0.08918276,0.09953391,-0.03220599,0.9637844,0.2453068,-0.140956,-0.1327945,0.9513833,-0.2395139,0,0,0,0,0.5458071,0.6005389,-0.3370149,-0.4773559,0.9184493,0.003251109,0.3506842,-0.1829233,0.9850492,0.04113448,0.162552,-0.03953357,0,0,0,0,0.0139071,0.8491054,0.05877845,-0.5247586,0,0,0,0,0,0,0,0,0,0,0,0,0,0,0,0
0.0220973,0.9076118,0.06858157,-0.4135808,0.01793961,0.8811418,0.06978462,-0.4673302,0.02960433,0.8496063,0.03503838,-0.5254189,0,0,0,0,0.629984,-0.5931395,-0.4015874,0.3000555,-0.514469,-0.01137997,0.8549787,0.06483434,0.959605,-0.1629131,0.1288041,-0.1898079,0.9540115,-0.1814381,0.1263245,-0.2024462,0.6907273,0.4476172,-0.4155675,-0.3870895,0.9465033,-0.03110915,-0.188385,-0.2601439,-0.5191001,0.08358397,0.7810539,0.3369031,-0.4878238,0.1704761,0.7963849,0.3142241,0.742314,-0.6632099,0.03260447,-0.08977407,0.09251097,-0.03670108,0.9647684,0.24355,-0.1261177,-0.1269137,0.9538568,-0.2411316,0,0,0,0,0.5529358,0.5982924,-0.3348286,-0.4734956,0.9169624,0.002563178,0.3540508,-0.1839056,0.98458,0.04324328,0.1647146,-0.04001629,0,0,0,0,0.016377,0.849225,0.05772397,-0.5246109,0,0,0,0,0,0,0,0,0,0,0,0,0,0,0,0
0.02485382,0.9071443,0.06825329,-0.4145032,0.0207366,0.8807927,0.06961478,-0.4678973,0.03211129,0.8493857,0.03488274,-0.5256386,0,0,0,0,0.6296226,-0.5931342,-0.4022203,0.2999768,-0.6351218,-0.001679213,0.7696009,0.06581637,0.9736124,-0.09430343,0.08412308,-0.1900237,0.9608883,-0.2674636,0.06937685,0.01853924,0.6913802,0.4468351,-0.4155382,-0.3868588,0.9403193,-0.02507024,-0.2178878,-0.2601844,-0.4588026,0.08265153,0.8186031,0.3354965,-0.4310335,0.1594673,0.8308973,0.3136717,0.73745,-0.6691015,0.03070603,-0.08676383,0.0899493,-0.03891623,0.968503,0.228903,-0.2316094,-0.1372901,0.9446762,-0.1873375,0,0,0,0,0.5557376,0.597302,-0.3334551,-0.472434,0.9187254,-0.001245803,0.3533269,-0.1763577,0.9742159,0.048806,0.2150442,-0.04772268,0,0,0,0,0.0179168,0.8490956,0.05737734,-0.524808,0,0,0,0,0,0,0,0,0,0,0,0,0,0,0,0
0.02627177,0.9075115,0.06899967,-0.4134873,0.02203181,0.8807179,0.07046814,-0.4678512,0.03430105,0.8484807,0.03831462,-0.526722,0,0,0,0,0.6282675,-0.5931394,-0.4041578,0.3002037,-0.6312799,-0.002002412,0.7727538,0.06582695,0.9736034,-0.09570089,0.08331166,-0.1897286,0.9609725,-0.2674855,0.06820291,0.01821467,0.6916058,0.4456426,-0.4154791,-0.3878933,0.9399473,-0.02471914,-0.2201999,-0.2596154,-0.3767045,0.04628406,0.8610352,0.3384816,-0.3543431,0.1126915,0.8790296,0.2984101,0.7348471,-0.6714915,0.03376631,-0.0892107,-0.1669761,-0.01888974,0.9810699,0.09625017,-0.142577,-0.1106552,0.9710218,-0.1566649,0,0,0,0,0.5569299,0.5969698,-0.3320198,-0.4724606,0.9200383,-0.007686721,0.3546401,-0.1664354,0.9960663,0.06735782,0.04161998,-0.03978124,0,0,0,0,0.01906464,0.8483555,0.05850343,-0.5258391,0,0,0,0,0,0,0,0,0,0,0,0,0,0,0,0
0.02707761,0.9088324,0.07137367,-0.4101172,0.02257619,0.8815024,0.07292265,-0.4659679,0.03534014,0.8486148,0.04008839,-0.5263048,0,0,0,0,0.6274038,-0.593314,-0.4051119,0.3003788,-0.628848,-0.002207298,0.7747332,0.06583281,0.9736007,-0.09657694,0.08280107,-0.189522,0.9610243,-0.2674993,0.06746878,0.01801291,0.6932197,0.4450281,-0.4144711,-0.3867948,0.9415599,-0.02124021,-0.217865,-0.2560249,-0.3970948,0.04376603,0.8556399,0.3290603,-0.3848737,0.09268799,0.8799455,0.2626347,0.7607802,-0.6422865,0.03255143,-0.08730349,-0.1972165,-0.01961431,0.9767188,0.08210492,0.000760178,-0.1065424,0.9790793,-0.1733547,0,0,0,0,0.5516292,0.6028343,-0.3253859,-0.4758361,0.919313,-0.01078426,0.35817,-0.1626703,0.9927298,0.06958549,0.08850984,-0.04255928,0,0,0,0,0.01992185,0.8485632,0.05914169,-0.5254008,0,0,0,0,0,0,0,0,0,0,0,0,0,0,0,0
0.02658664,0.9104109,0.07309359,-0.4063279,0.02183462,0.8824183,0.07465101,-0.463992,0.0354939,0.8486258,0.04339283,-0.5260147,0,0,0,0,0.6261332,-0.5935279,-0.4068809,0.3002161,-0.6254085,-0.002491011,0.77751,0.0658493,0.9735546,-0.0978709,0.08205158,-0.1894209,0.9611003,-0.2675199,0.06637505,0.01770789,0.6958569,0.4422637,-0.4136291,-0.3861308,0.9450586,-0.01184965,-0.214015,-0.2468222,0.2974989,-0.1942601,0.9038942,0.2381864,0.3193035,-0.1187032,0.9080204,0.2438313,0.7801554,-0.6149942,0.05393094,-0.1011493,-0.3567969,-0.02777229,0.9319167,0.05878805,0.1917068,-0.08160448,0.9602619,-0.1857048,0,0,0,0,0.5427955,0.6100533,-0.3197503,-0.4805911,0.9181589,-0.02731625,0.363014,-0.1563939,0.9909798,0.08788149,0.09100958,-0.04419483,0,0,0,0,0.02084592,0.8485975,0.06113835,-0.525081,0,0,0,0,0,0,0,0,0,0,0,0,0,0,0,0
0.03144008,0.9181231,0.07166523,-0.3884913,0.02588415,0.8858282,0.07385387,-0.4573664,0.03747781,0.8455517,0.04557624,-0.5306227,0,0,0,0,0.6237943,-0.5947296,-0.4092771,0.2994489,-0.6199395,-0.002936006,0.7818716,0.06590381,0.9734603,-0.09996477,0.08082899,-0.1893378,0.9612213,-0.267553,0.06459434,0.01721591,0.6923282,0.4379359,-0.4170462,-0.3936575,0.9469486,-0.001180605,-0.2113713,-0.2420933,0.4553278,-0.2297888,0.8418093,0.1767223,0.49002,-0.08490586,0.8559552,0.1414641,0.7887601,-0.5953413,0.09356507,-0.121127,-0.2169772,-0.05046721,0.9739342,0.0427335,0.375994,-0.09792868,0.8879656,-0.2460804,0,0,0,0,0.5301546,0.6232082,-0.308703,-0.4850259,0.9079927,-0.05288414,0.3835669,-0.1600902,0.9829497,0.09782866,0.1474438,-0.04999752,0,0,0,0,0.02465786,0.8455509,0.06216786,-0.5296893,0,0,0,0,0,0,0,0,0,0,0,0,0,0,0,0
-0.008819107,0.9159026,0.1227414,-0.3820722,-0.01793246,0.8849165,0.1217443,-0.4491988,0.02982042,0.847609,0.06523063,-0.5257515,0,0,0,0,0.622749,-0.5917746,-0.4126984,0.302765,-0.6171005,-0.003160104,0.7841111,0.06592865,0.9734751,-0.1009709,0.08028752,-0.1889576,0.9612731,-0.2675671,0.06381799,0.01700316,0.701624,0.4343641,-0.4124114,-0.3859643,0.9522855,0.01026454,-0.1969147,-0.2329625,0.4962371,-0.2326648,0.8260552,0.1313336,0.5192883,-0.1178594,0.8390892,0.1112572,0.8038738,-0.5746418,0.02603386,-0.1513138,-0.3820522,-0.1273331,0.9145231,0.0383398,0.5800838,-0.03969878,0.7711147,-0.2594396,0,0,0,0,0.525835,0.6325415,-0.2864974,-0.4912311,0.9188134,-0.08138203,0.3770189,-0.08375948,0.9813387,0.1227967,0.1378463,-0.05379379,0,0,0,0,0.01144282,0.8480729,0.07362644,-0.5246146,0,0,0,0,0,0,0,0,0,0,0,0,0,0,0,0
-0.02690854,0.897859,0.09665538,-0.4286991,-0.03167622,0.8754571,0.09519953,-0.4727669,0.01874383,0.8489501,0.06569263,-0.524039,0,0,0,0,0.6296058,-0.5875417,-0.4053722,0.3066996,-0.6153548,-0.003314314,0.7854794,0.06595009,0.9735295,-0.1015185,0.0799901,-0.1885099,0.9612997,-0.2675752,0.06341379,0.01688736,0.7002805,0.4350162,-0.4180423,-0.381587,0.95454,0.01899885,-0.1867322,-0.2315678,0.9234173,-0.2384219,0.2897831,-0.08050661,0.9534515,-0.07570314,0.2917092,-0.01024879,-0.6137366,0.781617,0.03908951,0.1042799,-0.3385168,-0.06492575,0.9364949,-0.06456164,0.06461486,-0.1165911,0.9784657,-0.1575958,0,0,0,0,0.5625313,0.5899776,-0.3541236,-0.4583465,0.9582622,-0.1242215,0.2429467,-0.08531994,0.9789739,0.1520245,0.122263,-0.05958547,0,0,0,0,-0.002816007,0.8494482,0.07160123,-0.5227841,0,0,0,0,0,0,0,0,0,0,0,0,0,0,0,0
0.03460058,0.9251208,0.1018384,-0.3641198,0.02625216,0.8926467,0.1043028,-0.4377368,0.01982325,0.8511001,0.0721815,-0.5196398,0,0,0,0,0.6268972,-0.5876334,-0.4124905,0.3025532,-0.6140984,-0.003419954,0.7864608,0.06596065,0.9735432,-0.1019454,0.07975595,-0.1883078,0.9613212,-0.2675813,0.06308454,0.01679571,0.7102243,0.4305617,-0.4095667,-0.3774297,0.9504775,0.03806305,-0.2065869,-0.2290536,0.9094914,-0.2018553,0.3507776,-0.09505279,0.9363802,-0.1083057,0.3320172,0.03502179,-0.6374147,0.7658161,0.03770895,0.07619791,-0.3897116,-0.07923662,0.9114388,-0.1054779,0.1145469,-0.08277899,0.9831571,-0.115883,0,0,0,0,0.617821,0.5692198,-0.3109664,-0.4445063,0.9684851,-0.1542298,0.1533962,-0.1213234,0.9651456,0.1996719,0.1603801,-0.05388144,0,0,0,0,0.003793929,0.8514736,0.07794358,-0.5185589,0,0,0,0,0,0,0,0,0,0,0,0,0,0,0,0
0.0641924,0.9201869,0.1056214,-0.371456,0.05590814,0.8890096,0.1102308,-0.4408917,0.0315517,0.851195,0.07731234,-0.5181644,0,0,0,0,0.6180468,-0.5905848,-0.4303128,0.2899288,-0.613163,-0.003504114,0.7871873,0.06599114,0.9735336,-0.1022966,0.07955814,-0.1882506,0.9613398,-0.2675869,0.06279913,0.01671629,0.7202377,0.4255058,-0.3939048,-0.3808433,0.9623145,0.05168277,-0.1481293,-0.2221204,0.8774127,-0.197797,0.4261253,-0.09716184,0.9097884,-0.08771103,0.3972907,0.08217016,-0.622917,0.7783229,0.06869197,0.03833094,-0.3690443,-0.09923019,0.9145395,-0.1325788,-0.2420869,-0.1600647,0.9553595,-0.0553312,0,0,0,0,0.6442358,0.551649,-0.2945504,-0.4403221,0.9617596,-0.1817477,0.1520678,-0.137337,0.9481473,0.2098458,0.2270813,-0.07358965,0,0,0,0,0.03227194,0.8507071,0.08517661,-0.517688,0,0,0,0,0,0,0,0,0,0,0,0,0,0,0,0
0.05437951,0.9217813,0.108081,-0.3683484,0.0459597,0.8909317,0.1119211,-0.4377236,0.03148417,0.8527499,0.08336598,-0.5146614,0,0,0,0,0.61782,-0.5889492,-0.4338477,0.2884674,-0.6126588,-0.003553596,0.787578,0.06601136,0.9735323,-0.1024803,0.07946389,-0.1881966,0.9613485,-0.2675899,0.06266167,0.01667845,0.7248564,0.4262505,-0.3876754,-0.3776262,0.9364926,0.09995811,-0.2562204,-0.2175802,0.9090695,-0.1252317,0.3727184,-0.1378067,0.9226164,-0.1417469,0.3585897,0.01001646,-0.6333082,0.7695919,0.06413934,0.05035289,-0.3732266,-0.09188398,0.9122295,-0.1417624,-0.3474022,-0.1637137,0.9231703,-0.01631413,0,0,0,0,0.638908,0.5568619,-0.2960043,-0.4405484,0.9489157,-0.2559924,0.1224511,-0.1379588,0.9322674,0.1972487,0.2891143,-0.09156071,0,0,0,0,0.03066311,0.8523626,0.09055258,-0.5141381,0,0,0,0,0,0,0,0,0,0,0,0,0,0,0,0
0.01186874,0.9201289,0.1121169,-0.3750356,0.003832673,0.8910005,0.1126782,-0.4397807,0.02427048,0.8535172,0.08784437,-0.5130328,0,0,0,0,0.6189421,-0.5880057,-0.4332424,0.288896,0.7162639,-0.005658011,-0.694689,-0.06588754,0.9225865,-0.1059435,0.2141155,-0.302927,0.9743438,0.108083,0.1940665,0.03619961,0.7238987,0.428806,-0.3862025,-0.3780791,0.9352432,0.1162491,-0.2638658,-0.2053806,0.9277984,-0.09247397,0.3288572,-0.1499718,0.944087,-0.06365794,0.3228164,-0.02090741,-0.6502557,0.7487918,0.006078459,0.1282235,-0.3838276,-0.06182285,0.9131562,-0.122475,-0.3446023,-0.1637861,0.9242491,-0.01367151,0,0,0,0,0.612006,0.5649746,-0.3257224,-0.4473893,0.9431961,-0.2910702,0.09296784,-0.1304459,0.9373766,0.1910407,0.2749678,-0.09602761,0,0,0,0,0.02261603,0.8531319,0.09489868,-0.5124927,0,0,0,0,0,0,0,0,0,0,0,0,0,0,0,0
-0.006637108,0.9211597,0.1203828,-0.3700388,-0.01538588,0.8917674,0.1195798,-0.4361362,0.01816078,0.8542011,0.08817352,-0.5120898,0,0,0,0,0.6238346,-0.5854641,-0.4255344,0.2949284,0.7246014,-0.006456211,-0.6859866,-0.06582861,0.9265541,-0.09746346,0.2132223,-0.2941675,0.9750932,0.08050093,0.2063164,-0.01210079,0.7207841,0.4308432,-0.3916701,-0.3760838,0.925322,0.1328151,-0.2953702,-0.1972204,0.9448841,-0.06374007,0.279259,-0.1585736,0.9490217,0.06081445,0.2938841,-0.09639286,-0.6473447,0.7512085,0.03600728,0.1238313,-0.3959424,-0.04404718,0.9100846,-0.1141726,-0.3503627,-0.133114,0.9266955,0.0276056,0,0,0,0,0.608081,0.5688177,-0.3291634,-0.4453485,0.9253775,-0.3590725,0.0426889,-0.1136714,0.9215352,0.1890308,0.3180839,-0.1177405,0,0,0,0,0.003022926,0.8543136,0.09666649,-0.5106807,0,0,0,0,0,0,0,0,0,0,0,0,0,0,0,0
-0.00560282,0.9244185,0.1195335,-0.3621198,-0.01478335,0.893816,0.1187481,-0.4321729,0.01307648,0.854385,0.08742492,-0.5120667,0,0,0,0,0.6253633,-0.5852709,-0.4225875,0.2963082,-0.09216589,-0.0385801,0.9935434,0.05374466,0.9563165,-0.1903,0.2205667,-0.02439231,0.9386401,-0.07193278,0.1466913,0.3037468,0.7186844,0.4316773,-0.3938788,-0.3768379,0.9370853,0.1453315,-0.2550154,-0.1889894,0.8602761,-0.08715436,0.4831468,-0.1374712,0.8412692,0.05432767,0.514643,-0.1563879,-0.649833,0.7477539,0.0234051,0.134288,-0.4035572,-0.04186051,0.9072237,-0.1110601,-0.3500387,-0.1320871,0.9269357,0.02856791,0,0,0,0,0.6090953,0.5715157,-0.325856,-0.442934,0.9186406,-0.3764205,0.0377526,-0.1139378,0.9248309,0.1955403,0.3044854,-0.1172195,0,0,0,0,-0.00257503,0.8543471,0.09680946,-0.5106,0,0,0,0,0,0,0,0,0,0,0,0,0,0,0,0
-0.0152472,0.9247945,0.1143549,-0.3625545,-0.02400063,0.8941576,0.1128427,-0.4326347,0.006318226,0.854722,0.08326375,-0.5123256,0,0,0,0,0.6302384,-0.5834643,-0.4151108,0.3000867,0.0905659,-0.04774427,0.9936898,0.04581506,0.8540071,-0.1631979,0.4886819,0.07230733,0.7532489,-0.4269513,0.499718,0.0247085,0.7138199,0.4353551,-0.3995242,-0.3759089,0.9201462,0.1637804,-0.3092878,-0.175636,0.9210159,-0.03430692,0.3522736,-0.1626531,0.9212843,0.07131539,0.3671762,-0.1064469,-0.6489633,0.7472863,0.01598908,0.1419654,-0.4059928,-0.03494089,0.9080656,-0.09677701,-0.3482551,-0.1331553,0.9274046,0.03014508,0,0,0,0,0.6036131,0.5744157,-0.3353671,-0.4395755,0.9076598,-0.4031578,0.02918385,-0.1129854,0.9318646,0.2049098,0.2766185,-0.1145532,0,0,0,0,-0.01370189,0.8546273,0.09319105,-0.510627,0,0,0,0,0,0,0,0,0,0,0,0,0,0,0,0
-0.01422181,0.9260513,0.1136719,-0.3595905,-0.02304758,0.8951716,0.1122157,-0.4307484,0.001644477,0.8556395,0.08082402,-0.51122,0,0,0,0,0.6312134,-0.5839067,-0.4130179,0.3000647,0.07059998,-0.04683053,0.9953063,0.0467759,0.8435881,-0.1757917,0.5011048,0.07968904,0.685597,-0.4784394,0.530275,0.1409284,0.7129539,0.436939,-0.3994207,-0.3758247,0.9140439,0.1742663,-0.3249928,-0.1689221,0.8846866,-0.03730629,0.4354316,-0.1622873,0.8770674,0.1040691,0.4573224,-0.1038204,-0.6534567,0.7433806,0.01380185,0.1420884,-0.4089084,-0.03181371,0.9070866,-0.09473989,-0.3043159,-0.1386229,0.9421505,0.02297896,0,0,0,0,0.6026942,0.5772499,-0.3326041,-0.439223,0.9039323,-0.411256,0.02824072,-0.1139185,0.9320355,0.2008571,0.2787975,-0.1150575,0,0,0,0,-0.01628615,0.8551708,0.09311404,-0.5096541,0,0,0,0,0,0,0,0,0,0,0,0,0,0,0,0
-0.01561679,0.9310962,0.1113183,-0.347022,-0.02494802,0.8985175,0.1096049,-0.4243002,-0.003219068,0.8558601,0.07770333,-0.5113271,0,0,0,0,0.6340278,-0.583029,-0.4087839,0.3016317,-0.1760895,-0.000525758,0.9824202,0.06199028,0.5084195,-0.1531564,0.8366995,0.1341148,0.5023645,-0.4465415,0.6778677,0.2978694,0.7113851,0.4359432,-0.4035832,-0.3755068,0.9170194,0.1811081,-0.3125772,-0.1690287,0.8944472,-0.03033054,0.4150406,-0.1636626,0.8859838,0.1071432,0.436866,-0.1126995,-0.6502278,0.7445662,0.00396585,0.1510272,-0.421242,-0.02955799,0.9021379,-0.08848048,-0.3882773,-0.1370292,0.9106326,0.0348164,0,0,0,0,0.6056959,0.5792839,-0.3317092,-0.4330492,0.9028668,-0.4129757,0.02827629,-0.1161166,0.9182054,0.1983672,0.3191415,-0.1252919,0,0,0,0,-0.02116554,0.8551902,0.09104211,-0.5098166,0,0,0,0,0,0,0,0,0,0,0,0,0,0,0,0
-0.01344973,0.9388115,0.1066398,-0.327231,-0.02345857,0.9037201,0.1048934,-0.4144116,-0.006711261,0.8556115,0.07363855,-0.5123097,0,0,0,0,0.6360694,-0.5827364,-0.4055726,0.302233,-0.1660406,-0.002247856,0.9840824,0.06330305,0.4071869,-0.1406846,0.8884494,0.1583172,0.4233517,-0.4385489,0.7077557,0.3571137,0.7092776,0.4348151,-0.4077227,-0.3763286,0.9140716,0.1878812,-0.3182339,-0.1670354,0.8820844,-0.02665856,0.4382068,-0.1708544,0.858085,0.1519802,0.471799,-0.1341559,-0.6576685,0.7366806,-0.009901069,0.1570852,-0.4391158,-0.0297854,0.8939341,-0.08468821,-0.4357746,-0.1385763,0.8885753,0.03648335,0,0,0,0,0.6063623,0.5889651,-0.3228181,-0.4257153,0.9089847,-0.396892,0.05752357,-0.1136422,0.8876624,0.2075811,0.3925393,-0.1219772,0,0,0,0,-0.02269431,0.8547524,0.08809007,-0.5110023,0,0,0,0,0,0,0,0,0,0,0,0,0,0,0,0
-0.01626323,0.9351588,0.1072228,-0.3372192,-0.02580664,0.901176,0.105334,-0.4196672,-0.01227212,0.8557506,0.07363377,-0.5119749,0,0,0,0,0.6373727,-0.5824597,-0.4031544,0.3032542,-0.1468569,-0.005718007,0.9870406,0.06442895,0.4691441,-0.1514427,0.8564428,0.1532145,0.4603851,-0.4541589,0.6938968,0.3166898,0.7089266,0.4327604,-0.4100568,-0.376822,0.9212003,0.1890188,-0.2933358,-0.172093,0.5754209,-0.1063902,0.7976995,-0.1457648,0.5611241,0.033124,0.8097708,-0.1682667,-0.653734,0.7407222,-0.004401095,0.1547355,-0.4308383,-0.02465757,0.8984818,-0.08062661,0.7544219,-0.03080596,0.6425929,-0.1302798,0,0,0,0,0.6049337,0.5849717,-0.3292492,-0.4283201,0.9371086,-0.3239158,0.05954344,-0.1155878,0.9019199,0.1952659,0.365071,-0.1230237,0,0,0,0,-0.02679579,0.8547094,0.08866147,-0.5107769,0,0,0,0,0,0,0,0,0,0,0,0,0,0,0,0
-0.07276359,0.9167268,0.1001068,-0.3798634,-0.07937445,0.8889041,0.09495056,-0.4410596,-0.03330058,0.855015,0.07082444,-0.5126639,0,0,0,0,0.6495697,-0.5760156,-0.3812448,0.3176752,-0.1511084,-0.006820201,0.9863207,0.06550793,0.8599616,-0.2653549,0.4334569,0.04656176,0.8624828,-0.2570442,0.4329401,0.05113332,0.7000113,0.4327897,-0.4278835,-0.3736214,0.9257963,0.1875325,-0.2770673,-0.1759731,0.8986334,-0.02080466,0.3987208,-0.1817881,0.8951024,0.03201418,0.4086016,-0.1755325,-0.6832079,0.7164943,0.04184148,0.134582,-0.3951569,0.007598663,0.9179899,-0.03298448,-0.3417515,-0.1266483,0.9310415,-0.01810374,0,0,0,0,0.5619743,0.606972,-0.3693093,-0.4235335,0.9527863,-0.2874123,0.02713014,-0.09410775,0.9322578,0.2065899,0.2741046,-0.1143795,0,0,0,0,-0.06077653,0.853759,0.08180437,-0.5105975,0,0,0,0,0,0,0,0,0,0,0,0,0,0,0,0
-0.06441238,0.9212261,0.1003056,-0.3703138,-0.07163651,0.8913975,0.09528054,-0.4372645,-0.04861634,0.8539924,0.06848599,-0.5134618,0,0,0,0,0.6525937,-0.5758855,-0.3739602,0.3203612,-0.1746197,-0.00644774,0.9823397,0.06689594,0.4939325,-0.1496105,0.8465507,0.130382,0.4928645,-0.3473421,0.7477205,0.2781224,0.697753,0.4256376,-0.4359697,-0.3767011,0.9317262,0.1832713,-0.2549126,-0.182531,0.8673348,-0.03966484,0.4614564,-0.1822501,0.8685109,-0.03301755,0.4630172,-0.1738209,-0.6861865,0.7083547,0.006560568,0.1653446,-0.4041555,0.009787307,0.9141089,-0.03110579,-0.3288813,-0.168977,0.9253384,-0.08386039,0,0,0,0,0.562444,0.6058167,-0.3653525,-0.4279724,0.9671205,-0.2346443,0.0157187,-0.09681385,0.9577675,0.2041736,0.1729597,-0.1052591,0,0,0,0,-0.06707881,0.8525419,0.07988898,-0.5121431,0,0,0,0,0,0,0,0,0,0,0,0,0,0,0,0
-0.02469389,0.9409019,0.1201125,-0.3157008,-0.03669731,0.9042104,0.1170047,-0.4091047,-0.0398879,0.8539938,0.06921137,-0.5141142,0,0,0,0,0.6478323,-0.5788807,-0.3809102,0.3164141,-0.1456145,-0.009419162,0.9869744,0.06774464,0.4749037,-0.1358472,0.859216,0.1332664,0.4527117,-0.2798329,0.8272909,0.1798206,0.6996089,0.4234596,-0.4315338,-0.3807989,0.9377713,0.1742668,-0.2296373,-0.1936049,0.7972623,-0.07774456,0.5728617,-0.1736608,0.8027056,-0.07984491,0.5735281,-0.1426678,-0.6692528,0.7182453,-0.02167609,0.1890886,-0.4546831,-0.007485302,0.8876544,-0.07264152,-0.187231,-0.1640665,0.9637007,-0.09647717,0,0,0,0,0.5957034,0.5928181,-0.3234466,-0.4348408,0.9834778,-0.1512298,0.05380993,-0.08369802,0.9814311,0.1581492,0.05642556,-0.09272496,0,0,0,0,-0.05871226,0.8522335,0.08510807,-0.5128425,0,0,0,0,0,0,0,0,0,0,0,0,0,0,0,0
-0.01965496,0.9334816,0.1199134,-0.3374113,-0.03057233,0.8985931,0.1176047,-0.4216215,-0.03279933,0.8529571,0.07143628,-0.5160283,0,0,0,0,0.6426394,-0.5819629,-0.3883213,0.3123146,-0.2277108,-0.004139911,0.971266,0.06908676,0.5617685,-0.125427,0.8135396,0.08269015,0.5539469,-0.2367066,0.7843482,0.1480229,0.7003753,0.4195025,-0.428371,-0.3872859,0.9366624,0.1667281,-0.2343661,-0.199845,0.9270686,-0.04236615,0.3250405,-0.1819276,0.9358358,-0.02317054,0.3282928,-0.1260878,-0.6662993,0.7215299,-0.02456936,0.1866446,-0.4332888,-0.01251672,0.8979539,-0.07604633,0.2695778,-0.1723706,0.9466088,-0.03934283,0,0,0,0,0.5908369,0.5862601,-0.3297823,-0.4454824,0.9328788,-0.1330381,0.3293124,-0.05992739,0.9831541,0.1373463,0.09277041,-0.07705581,0,0,0,0,-0.04996608,0.8509703,0.0910226,-0.5148474,0,0,0,0,0,0,0,0,0,0,0,0,0,0,0,0
0.001078676,0.9240409,0.1221292,-0.3622591,-0.008846308,0.8915579,0.1218132,-0.4361282,-0.01618643,0.8517878,0.07250609,-0.5185928,0,0,0,0,0.6345976,-0.5862316,-0.4003455,0.3055191,-0.309835,0.001482232,0.9482065,0.07003205,0.532726,-0.1014482,0.8377175,0.06434866,0.5279897,-0.1443962,0.8339961,0.06947649,0.703941,0.4135792,-0.42249,-0.3936006,0.9399937,0.1500024,-0.2246661,-0.2084136,0.9302444,-0.06916783,0.3177561,-0.1699769,0.9460723,-0.01918997,0.3185589,-0.05566882,-0.6515052,0.7360138,-0.03292083,0.1809441,-0.1481178,0.03178234,0.9881139,0.02611328,0.05725418,-0.1527425,0.9735957,-0.159697,0,0,0,0,0.5969537,0.5673861,-0.3322588,-0.4596992,0.9104019,-0.06525418,0.3994752,-0.08561392,0.9886799,0.09920788,0.08876416,-0.06921476,0,0,0,0,-0.03298492,0.8495976,0.09746066,-0.5172981,0,0,0,0,0,0,0,0,0,0,0,0,0,0,0,0
0.03631359,0.9096151,0.1031586,-0.4007991,0.02941153,0.881116,0.1053344,-0.4600805,0.005531827,0.8496901,0.06380218,-0.5233787,0,0,0,0,0.6263488,-0.5920405,-0.4105673,0.2976737,-0.4360217,0.01100193,0.8971679,0.06966858,0.9478098,-0.09067284,0.3054131,-0.01256682,0.9480127,-0.04688147,0.3114282,-0.04567859,0.7023268,0.4152752,-0.4167616,-0.4007411,0.9293327,0.1381238,-0.26796,-0.2132135,0.9110675,-0.09797055,0.3715362,-0.1493944,0.9301335,-0.05549145,0.3629113,0.008229662,0.7921599,-0.6053667,-0.03678372,-0.068271,-0.3628028,-0.008912961,0.9317982,-0.006853112,0.2176331,-0.1087224,0.9546166,-0.1718208,0,0,0,0,0.5559208,0.6148962,-0.2814909,-0.48334,0.9225404,-0.01802951,0.365269,-0.123178,0.9931387,0.0863613,0.0427066,-0.06628148,0,0,0,0,-0.01060741,0.8473774,0.09664997,-0.5220132,0,0,0,0,0,0,0,0,0,0,0,0,0,0,0,0
0.03178921,0.8984578,0.1023668,-0.4257745,0.02623502,0.8742462,0.1039291,-0.4735018,0.01571497,0.8486379,0.06153347,-0.5251479,0,0,0,0,0.6253859,-0.591972,-0.4123266,0.2974028,0.9906858,-0.06484578,-0.1163171,-0.02840872,0.9488695,-0.04686774,0.3118909,-0.01320171,0.9475862,-0.06736243,0.3115656,-0.02167085,0.7028341,0.4169694,-0.4166967,-0.3981517,0.9460973,0.1034522,-0.2087813,-0.224962,-0.3914938,-0.1187041,0.8992851,0.154687,-0.3937927,-0.0312275,0.9175451,0.04542127,0.7784736,-0.6216815,-0.07471045,-0.04369443,-0.3376246,-0.01312039,0.9411855,-0.002694446,0.04287839,-0.1305519,0.9793121,-0.1485444,0,0,0,0,0.5482414,0.6105059,-0.2913272,-0.4917746,0.92937,0.01599069,0.3377285,-0.1481725,0.9955498,0.05267053,0.0620197,-0.04753895,0,0,0,0,-0.002316943,0.8470685,0.09083915,-0.5236581,0,0,0,0,0,0,0,0,0,0,0,0,0,0,0,0
0.02746548,0.885982,0.09941448,-0.4521043,0.0233334,0.8665404,0.1004646,-0.488334,0.02576736,0.8468579,0.05585526,-0.5282497,0,0,0,0,0.6253277,-0.5921389,-0.4118384,0.2978689,0.9969612,-0.06854863,0.03207826,-0.01845112,0.9712494,-0.04585043,0.2334506,-0.008547985,0.9216275,-0.2749862,0.2546377,0.1007223,0.7026469,0.4130872,-0.4212417,-0.3977459,0.9335301,0.09500182,-0.2570503,-0.2311306,-0.3074446,-0.1173381,0.9313511,0.1558676,-0.3136678,-0.06191733,0.9460767,0.05213076,0.7802302,-0.6128313,-0.1249708,-0.007807931,-0.2187613,-0.001093012,0.9744298,0.05127206,-0.1444551,-0.139879,0.9674806,-0.1534534,0,0,0,0,0.5443463,0.6061009,-0.3011685,-0.495607,0.9363089,0.03248288,0.3084716,-0.1646686,0.9976156,0.04983824,0.02477564,-0.04080912,0,0,0,0,0.005394341,0.845827,0.08409173,-0.52676,0,0,0,0,0,0,0,0,0,0,0,0,0,0,0,0
0.01037577,0.884513,0.08754208,-0.4581107,0.006973752,0.8660859,0.08787855,-0.4920609,0.02375658,0.8463078,0.05108582,-0.5297064,0,0,0,0,0.6275438,-0.5917743,-0.4087566,0.2981777,0.8154464,-0.04372821,-0.574447,-0.05608668,0.9482548,-0.05424094,0.2581602,-0.1767029,0.95401,-0.1091411,0.2513968,0.1214607,0.7007099,0.4133619,-0.4253224,-0.3965328,0.9502894,0.06147568,-0.1921851,-0.2371409,-0.3186415,-0.1223323,0.9213015,0.186295,-0.3146419,-0.02828066,0.9450463,0.08419035,0.7880408,-0.5951119,-0.1563358,0.01981778,0.1160589,-0.02313169,0.9864228,0.1138646,-0.2631113,-0.1430783,0.9417974,-0.1527048,0,0,0,0,0.5317595,0.6180596,-0.3113646,-0.4881456,0.9395542,0.01676675,0.3041517,-0.1563599,0.9833682,0.04727664,0.1682994,-0.0492661,0,0,0,0,0.01013184,0.8454401,0.07584181,-0.5285607,0,0,0,0,0,0,0,0,0,0,0,0,0,0,0,0
-0.007657246,0.8648461,0.06066033,-0.4983,-0.008695698,0.8561795,0.06052019,-0.5130482,0.02257251,0.8464689,0.04271049,-0.5302421,0,0,0,0,0.6330849,-0.589538,-0.4008371,0.3016258,0.8154881,-0.04377192,-0.5743811,-0.05612013,0.9485068,-0.05448778,0.2583648,-0.1749673,0.9539827,-0.1091284,0.2515017,0.12147,0.6948775,0.420364,-0.4308777,-0.3934256,0.9452666,0.04172396,-0.2076673,-0.2482026,0.3793881,-0.2242327,0.8932419,0.08890057,0.4008438,-0.06734335,0.9117761,0.05876546,0.7265197,-0.6658053,-0.1581384,0.06216759,0.09897698,-0.03989045,0.9710649,0.2136477,-0.2118936,-0.135569,0.9510165,-0.1796933,0,0,0,0,0.5314784,0.5964331,-0.3641088,-0.4787723,0.9512372,0.00071355,0.2613616,-0.1638213,0.9854502,0.04758976,0.1555505,-0.04926513,0,0,0,0,0.005592932,0.8458735,0.06561389,-0.5293029,0,0,0,0,0,0,0,0,0,0,0,0,0,0,0,0
-0.00811148,0.8704286,0.07680306,-0.4861992,-0.009868377,0.8590648,0.07659712,-0.5060071,0.01545506,0.8472988,0.04689958,-0.5288159,0,0,0,0,0.6347823,-0.5876802,-0.4014857,0.3008198,0.7763942,-0.0400712,-0.6262104,-0.05887948,0.948614,-0.07734571,0.2621907,-0.1593902,0.9552602,-0.1097424,0.2466124,0.1209008,0.6941946,0.4241012,-0.4287074,-0.3929911,0.933727,0.03097683,-0.2517715,-0.2525974,0.3785539,-0.2169479,0.893025,0.1101672,0.4004602,-0.09241524,0.9009557,0.1391756,-0.6664796,0.7311887,0.1400524,-0.03941146,0.1255835,-0.02239339,0.9688351,0.2123345,-0.2041836,-0.1387158,0.9511589,-0.1853745,0,0,0,0,0.5587447,0.5729969,-0.3722568,-0.4700042,0.9504566,0.004549679,0.2741052,-0.1465533,0.9873601,0.04690678,0.143676,-0.04771738,0,0,0,0,0.001058131,0.846569,0.06804277,-0.527911,0,0,0,0,0,0,0,0,0,0,0,0,0,0,0,0
-0.04661327,0.8619385,0.1156115,-0.4914502,-0.04793683,0.8562423,0.115069,-0.5013086,-0.01249574,0.8545473,0.07122819,-0.5143144,0,0,0,0,0.6380671,-0.5828785,-0.3997864,0.3054405,0.8233615,-0.04461392,-0.5630265,-0.05555732,0.9511855,-0.05217458,0.2596863,-0.1583886,0.9533795,-0.1088388,0.2537773,0.1217317,0.7047883,0.4157616,-0.4184147,-0.3941379,0.9437306,-0.002502867,-0.2107811,-0.2548287,0.2613343,-0.2043931,0.9212566,0.2030127,0.280625,-0.1147669,0.9430467,0.1368978,0.7443535,-0.6368171,-0.2007336,0.01038781,0.1853464,0.04466726,0.94517,0.2651514,-0.2072691,-0.1406315,0.9482861,-0.1949762,0,0,0,0,0.5341953,0.5898829,-0.358161,-0.4882563,0.9615569,0.003387173,0.2695621,-0.05227922,0.9879735,0.04617686,0.1399876,-0.04668555,0,0,0,0,-0.04717115,0.8508486,0.1070786,-0.5122164,0,0,0,0,0,0,0,0,0,0,0,0,0,0,0,0
-0.02666838,0.8624346,0.1038536,-0.4946814,-0.02784765,0.8567535,0.1035437,-0.5044568,-0.01054385,0.8539337,0.06969596,-0.5155857,0,0,0,0,0.637167,-0.583672,-0.4010229,0.3041805,-0.7057295,0.03365028,0.7048872,0.06282932,0.9515179,-0.1083367,0.2302406,-0.1728183,0.8934482,0.2471126,0.3278527,-0.182204,0.7033998,0.4196197,-0.4176601,-0.3933294,0.9378787,-0.009572917,-0.2301585,-0.2594591,-0.374532,-0.01898741,0.8794042,0.2932805,-0.3575202,0.03648248,0.877574,0.317352,0.7472686,-0.6310587,-0.205339,0.03450531,0.1572793,0.03624396,0.9399306,0.300799,-0.2005272,-0.1349368,0.9482812,-0.2057757,0,0,0,0,0.5362753,0.5893348,-0.3517689,-0.491276,0.9615625,0.008179728,0.265691,-0.06884097,0.983208,0.04346822,0.1706843,-0.04774211,0,0,0,0,-0.04156245,0.850764,0.1030618,-0.5136647,0,0,0,0,0,0,0,0,0,0,0,0,0,0,0,0
0.02459369,0.8668944,0.07079608,-0.4928257,0.02336051,0.858205,0.07121249,-0.5078061,0.0000938,0.8506824,0.06319562,-0.5218676,0,0,0,0,0.6339171,-0.5863445,-0.4050753,0.3004384,-0.7004552,0.03320816,0.710126,0.06309307,0.951705,-0.110572,0.2290817,-0.1719095,0.8934831,0.2471327,0.327758,-0.1821758,0.6983659,0.4276914,-0.4182531,-0.392975,0.9312807,-0.0142748,-0.2432372,-0.2708287,-0.392609,0.005535232,0.8658293,0.3101083,-0.3699708,0.07640029,0.8614478,0.3394003,0.7493572,-0.642671,-0.1517076,0.04921728,0.1138204,-0.008700105,0.954335,0.2760688,-0.2065487,-0.1360296,0.9458158,-0.2103948,0,0,0,0,0.5437473,0.583599,-0.3473605,-0.4930433,0.954536,0.01887096,0.265589,-0.1340429,0.9823706,0.04488037,0.1751822,-0.04738232,0,0,0,0,-0.01826023,0.8491292,0.0875376,-0.5205606,0,0,0,0,0,0,0,0,0,0,0,0,0,0,0,0
0.02040484,0.8655137,0.07458279,-0.4948809,0.019124,0.8569077,0.07492144,-0.5096373,0.01027016,0.8491483,0.05993574,-0.5246421,0,0,0,0,0.6322987,-0.5871432,-0.4069638,0.2997361,-0.5830587,0.02315072,0.8092926,0.06746957,0.9440685,-0.1766533,0.1965503,-0.1972215,0.895011,0.2480103,0.3235865,-0.1809366,0.6966742,0.4299954,-0.4185702,-0.393126,0.9314659,-0.02008632,-0.2404683,-0.2722919,-0.3798923,0.01609742,0.8669192,0.3222947,-0.3471974,0.118034,0.8505498,0.3769444,0.7458121,-0.642559,-0.1668802,0.05507667,0.1065379,-0.01203636,0.9551265,0.2761126,-0.210088,-0.1344613,0.9449828,-0.211638,0,0,0,0,0.5440556,0.5831374,-0.3474083,-0.4932156,0.9550909,0.0176114,0.2635441,-0.1342967,0.9805388,0.04566048,0.1850058,-0.04724125,0,0,0,0,-0.00894973,0.8481565,0.08181952,-0.5233126,0,0,0,0,0,0,0,0,0,0,0,0,0,0,0,0
0.026027,0.8733274,0.06972937,-0.4814143,0.02419068,0.8604111,0.0703875,-0.5041361,0.01688297,0.8470633,0.05738926,-0.5281147,0,0,0,0,0.6322955,-0.5868357,-0.4074336,0.2997068,-0.5666662,0.02180255,0.8208523,0.06793736,0.8913568,-0.217813,0.3649965,-0.1575375,0.8932226,-0.2206876,0.3628616,-0.147586,0.6937323,0.4336593,-0.4211687,-0.3915253,0.9312339,-0.03640059,-0.2401243,-0.2716961,-0.4061738,0.03719148,0.850501,0.332096,-0.366742,0.1522257,0.8380854,0.3740861,0.7413936,-0.6645422,-0.09294673,0.008956417,0.09735619,-0.02068127,0.957094,0.2721492,-0.2080744,-0.1347677,0.9445397,-0.2153774,0,0,0,0,0.5501672,0.5753511,-0.3544514,-0.4905623,0.946162,0.01513069,0.2790846,-0.1632798,0.9834998,0.04722281,0.1682978,-0.046626,0,0,0,0,0.005017832,0.8468658,0.06925411,-0.5272543,0,0,0,0,0,0,0,0,0,0,0,0,0,0,0,0
0.02652087,0.8723426,0.07078326,-0.4830163,0.02466352,0.8594325,0.07145165,-0.5056305,0.02045673,0.8460038,0.05588268,-0.5298454,0,0,0,0,0.6318764,-0.5870566,-0.408029,0.2993476,-0.5651918,0.0216912,0.8218668,0.06799156,0.9409372,-0.1879617,0.2060005,-0.1920191,0.942625,-0.1632769,0.2130462,-0.1985195,0.6926782,0.4335226,-0.4225584,-0.3920452,0.9336753,-0.04101591,-0.2311101,-0.2704742,-0.4361382,0.05569397,0.8321486,0.3379504,-0.3953698,0.1686275,0.8277218,0.360727,0.7377972,-0.6700616,-0.081686,0.0000916,0.09000441,-0.02545038,0.9595776,0.2654474,-0.2404463,-0.1373101,0.9388444,-0.2047014,0,0,0,0,0.5502498,0.5741207,-0.3545738,-0.4918211,0.9457966,0.01587891,0.2772877,-0.1683095,0.9832815,0.04842554,0.1692251,-0.04664067,0,0,0,0,0.0118792,0.8459522,0.06454936,-0.5292042,0,0,0,0,0,0,0,0,0,0,0,0,0,0,0,0
0.02910072,0.868624,0.06972061,-0.4896779,0.02744745,0.8568276,0.07038788,-0.5100381,0.02573483,0.8446349,0.05307595,-0.5320833,0,0,0,0,0.6312804,-0.5875351,-0.4086141,0.2988679,-0.5691035,0.02204167,0.8191604,0.06790941,0.9392368,-0.1872259,0.2168503,-0.1890943,0.9392971,-0.138214,0.2329121,-0.2106417,0.690952,0.4328214,-0.4243415,-0.3939356,0.9347683,-0.0449743,-0.2278349,-0.2688432,-0.4370236,0.05875814,0.8304299,0.3405057,-0.3947214,0.1715238,0.8439106,0.320296,0.7341167,-0.675693,-0.0667182,-0.007768073,0.08374984,-0.03593392,0.9620445,0.2572256,-0.2347281,-0.1361004,0.9421666,-0.1967265,0,0,0,0,0.5484312,0.5699507,-0.3582825,-0.495997,0.9462962,0.01855224,0.269666,-0.1773687,0.9793922,0.04709973,0.1904556,-0.04794851,0,0,0,0,0.01842104,0.8446681,0.06047411,-0.5315442,0,0,0,0,0,0,0,0,0,0,0,0,0,0,0,0
0.02866291,0.8680865,0.0714783,-0.4904031,0.02697528,0.8563224,0.07213213,-0.5106674,0.0294232,0.8440776,0.05236644,-0.5328461,0,0,0,0,0.6298988,-0.5882777,-0.41068,0.2974875,-0.6645946,0.03016971,0.7437827,0.06473804,0.9417201,-0.1350048,0.2551692,-0.1727007,0.9212054,-0.1836913,0.2471356,-0.2378277,0.6914514,0.4310217,-0.4235083,-0.3959241,0.9359683,-0.04882326,-0.2241912,-0.2670541,-0.3833045,0.03599152,0.8561484,0.3446626,-0.3480336,0.1340214,0.8809926,0.2911407,0.7334863,-0.6749913,-0.07990434,-0.000066,0.07668596,-0.04867148,0.9719617,0.2168892,-0.1302675,-0.1148357,0.9647046,-0.1979601,0,0,0,0,0.549154,0.5697602,-0.3572722,-0.4961449,0.9472683,0.01548524,0.2691631,-0.1731883,0.9862513,0.06396247,-0.149736,-0.02822003,0,0,0,0,0.0211721,0.8440814,0.06207722,-0.5321886,0,0,0,0,0,0,0,0,0,0,0,0,0,0,0,0
0.02979778,0.8716661,0.07471697,-0.4834538,0.027709,0.8578884,0.07551653,-0.5075008,0.03208956,0.8433335,0.05415917,-0.5336906,0,0,0,0,0.6279266,-0.589124,-0.4130091,0.2967568,-0.6903468,0.03244811,0.7199421,0.06365424,0.9616939,-0.1063561,0.1672237,-0.1893921,0.9463844,-0.1341457,0.1635948,-0.2441276,0.6919554,0.4293008,-0.422589,-0.3978907,0.9369022,-0.04858091,-0.2248719,-0.2632238,-0.3721606,0.02506365,0.8641104,0.3379075,-0.3533066,0.09249482,0.8947223,0.2570822,0.7829818,-0.6154213,-0.09053253,-0.00010512,-0.2070312,-0.03183869,0.9747885,0.07688735,-0.1414899,-0.1184062,0.9702153,-0.1569804,0,0,0,0,0.5424035,0.5790045,-0.3465157,-0.5004789,0.9465884,0.009966891,0.2772985,-0.1642456,0.9941336,0.07042148,-0.07488427,-0.03364024,0,0,0,0,0.02303493,0.8433703,0.06441864,-0.5329598,0,0,0,0,0,0,0,0,0,0,0,0,0,0,0,0
-0.00849774,0.8739401,0.0842144,-0.4786066,-0.01096379,0.8595284,0.08392899,-0.5040303,0.02472484,0.8437597,0.05426719,-0.533398,0,0,0,0,0.6303186,-0.5884948,-0.4077247,0.3002214,-0.6931534,0.03272376,0.7172363,0.06355646,0.9349006,-0.1270629,0.2802318,-0.1768786,0.9178513,-0.1428277,0.2799356,-0.2424566,0.6905237,0.4272184,-0.4273163,-0.3975704,0.9360886,-0.04160652,-0.2335886,-0.2596986,-0.3469309,0.002397063,0.8811719,0.3211994,-0.335174,0.06120099,0.9131145,0.2239079,0.8112643,-0.5603043,-0.1657431,0.02093982,-0.2770709,-0.02612266,0.9585735,0.06071441,-0.1723126,-0.1254816,0.965884,-0.1470739,0,0,0,0,0.5153857,0.6205463,-0.3259298,-0.4930208,0.9532962,-0.03225588,0.2818038,-0.1037909,0.9943693,0.09005141,-0.03256462,-0.04538624,0,0,0,0,0.01120294,0.8437499,0.06628902,-0.5325094,0,0,0,0,0,0,0,0,0,0,0,0,0,0,0,0
0.007860592,0.8747287,0.08635134,-0.4767928,0.005310947,0.8602893,0.08654559,-0.5023784,0.02617944,0.8452563,0.05793753,-0.5305656,0,0,0,0,0.627796,-0.5895758,-0.4103742,0.299776,-0.6940044,0.03281305,0.7164106,0.06353873,0.9340234,-0.1273682,0.2826032,-0.1775187,0.9415836,-0.1321726,0.2784994,-0.1356052,0.6971366,0.4246703,-0.4229518,-0.3934052,0.923152,-0.02162898,-0.2815606,-0.2608567,0.8772427,-0.193858,-0.3848115,-0.2116234,0.8912262,-0.1595086,-0.4164895,-0.0825195,0.8460175,-0.5095222,-0.1564236,0.01315743,-0.2811083,-0.0306088,0.9574949,0.05696369,-0.3056352,-0.1333289,0.9341619,-0.127091,0,0,0,0,0.4954453,0.6251804,-0.3152727,-0.514088,0.9510502,-0.0316524,0.285042,-0.11512,0.9940664,0.09885712,-0.01229027,-0.04368214,0,0,0,0,0.01348937,0.8452491,0.06961907,-0.5296463,0,0,0,0,0,0,0,0,0,0,0,0,0,0,0,0
-0.01453162,0.873427,0.1057312,-0.4751157,-0.01754112,0.8595216,0.1052738,-0.4998323,0.01682162,0.84534,0.07319021,-0.5289239,0,0,0,0,0.6262015,-0.5886751,-0.4121683,0.3024079,-0.6948513,0.03290083,0.7155853,0.06353755,0.9337952,-0.1273047,0.2826558,-0.1786775,0.9414311,-0.1320871,0.2785565,-0.1366262,0.701183,0.4197938,-0.4222336,-0.392217,0.9202728,-0.004922742,-0.2986088,-0.2527973,0.8352523,-0.1385918,-0.4845505,-0.2199017,0.8485165,-0.09399602,-0.5182434,-0.05107141,0.8424121,-0.5018015,-0.1960774,0.009528612,-0.3126924,-0.112087,0.9414181,0.0582402,-0.3167002,0.006689484,0.9097014,-0.2685137,0,0,0,0,0.4922741,0.6349149,-0.3030665,-0.5125427,0.9540198,-0.07070493,0.2807031,-0.07779878,0.9915996,0.1206133,0.01999112,-0.04222653,0,0,0,0,0.004944636,0.8455928,0.07794495,-0.5280843,0,0,0,0,0,0,0,0,0,0,0,0,0,0,0,0
-0.01461588,0.8780262,0.1083048,-0.4659682,-0.01815729,0.8622844,0.1077676,-0.4944917,0.005823436,0.8459057,0.08235481,-0.5269036,0,0,0,0,0.6247364,-0.5892978,-0.4131883,0.3028334,-0.69578,0.03298749,0.7146788,0.06353131,0.9336365,-0.1270942,0.2827471,-0.179511,0.9413253,-0.1318859,0.2786534,-0.1373498,0.7040622,0.4145839,-0.4209401,-0.3939875,0.9215404,0.01231451,-0.301595,-0.2442376,0.8639115,-0.1087052,-0.4454297,-0.2084044,0.8765413,-0.08936361,-0.4677811,-0.06978815,0.8538426,-0.4923743,-0.168448,-0.01206643,-0.2975664,-0.08025536,0.946363,-0.09700707,0.06209508,-0.1074057,0.987398,-0.09825171,0,0,0,0,0.4903268,0.638357,-0.2984937,-0.5128172,0.9631977,-0.1068531,0.2376023,-0.0661648,0.9861519,0.1581367,0.02150301,-0.04510903,0,0,0,0,-0.001766485,0.8459085,0.08675312,-0.526222,0,0,0,0,0,0,0,0,0,0,0,0,0,0,0,0
-0.01439091,0.87953,0.1098149,-0.462775,-0.0180024,0.8637998,0.109281,-0.4915114,0.000306687,0.8476365,0.08422334,-0.5238497,0,0,0,0,0.6243753,-0.5899352,-0.4132355,0.3022718,-0.6963689,0.03303571,0.7141033,0.06352644,0.933579,-0.1268955,0.2828201,-0.1798349,0.9412869,-0.1317062,0.2787311,-0.1376279,0.7074812,0.4120452,-0.4182604,-0.3933793,0.9605309,-0.005656765,-0.165052,-0.2238443,-0.3065344,-0.08884331,0.9182695,0.23436,-0.3006406,0.01412573,0.9522647,0.0510663,0.8534774,-0.493821,-0.1657808,-0.01529245,-0.3020027,-0.07000805,0.9457707,-0.0970103,-0.1626033,-0.1149716,0.9770447,-0.07566565,0,0,0,0,0.4907491,0.6394084,-0.2961196,-0.5124795,0.9856617,-0.1338383,0.06359106,-0.0807134,0.9784824,0.1880499,0.06668233,-0.0525629,0,0,0,0,-0.005822515,0.8472178,0.09240501,-0.5231152,0,0,0,0,0,0,0,0,0,0,0,0,0,0,0,0
-0.01856272,0.8840114,0.1102097,-0.4539087,-0.02260493,0.866713,0.1094521,-0.4861253,-0.00742389,0.8486431,0.08579878,-0.5219083,0,0,0,0,0.6255702,-0.5897087,-0.411176,0.3030511,0.7736138,-0.04008655,-0.6295975,-0.05934377,0.8983584,-0.09553503,0.2940248,-0.3120492,0.914523,-0.1025456,0.2918802,-0.2606494,0.7077532,0.4115052,-0.4180867,-0.3936401,0.9603421,0.008970753,-0.1773185,-0.2149901,-0.4105119,-0.08095568,0.8841205,0.2079836,-0.3931725,0.06024713,0.9157339,0.0567192,0.8551849,-0.4935146,-0.1567405,-0.02312285,-0.3160028,-0.03021741,0.9433358,-0.09667838,-0.1402006,-0.1846396,0.9702821,-0.06931528,0,0,0,0,0.4881973,0.6454383,-0.2929188,-0.509187,0.9714961,-0.2097019,0.06851454,-0.08675353,0.9480498,0.2211646,0.2156034,-0.07617761,0,0,0,0,-0.01240366,0.8479427,0.09578735,-0.5212141,0,0,0,0,0,0,0,0,0,0,0,0,0,0,0,0
-0.02689688,0.9007053,0.06537256,-0.4286409,-0.03033924,0.8766065,0.06384782,-0.4759874,-0.007587438,0.8465202,0.06341207,-0.5285119,0,0,0,0,0.6381652,-0.5849681,-0.3903071,0.3133974,0.7550486,-0.03834488,-0.6517459,-0.06048565,0.9075475,-0.1089973,0.2904956,-0.2830006,0.9205588,-0.1129396,0.2882679,-0.2381549,0.6934535,0.4202189,-0.4392715,-0.3867543,0.9511973,0.03085275,-0.2192866,-0.2149076,-0.4747171,-0.09492715,0.856523,0.1788878,-0.4397631,0.1190047,0.8875191,0.06896528,0.7730736,-0.6238227,-0.1148223,0.00425354,-0.3363309,-0.0664469,0.9374438,-0.06054305,-0.3862389,-0.1930126,0.9019659,0.004816669,0,0,0,0,0.5281551,0.6335049,-0.3356048,-0.4550748,0.9423682,-0.2956247,0.09551108,-0.1242009,0.9312092,0.1930673,0.2948577,-0.0929159,0,0,0,0,-0.01886547,0.8466204,0.06548971,-0.5278153,0,0,0,0,0,0,0,0,0,0,0,0,0,0,0,0
0.02612685,0.8803502,0.1391283,-0.4527077,0.02096671,0.8630162,0.139999,-0.4849368,-0.003990313,0.8495884,0.07426745,-0.5221762,0,0,0,0,0.6259632,-0.5909064,-0.4140113,0.2959635,0.74049,-0.03699275,-0.6682401,-0.06132974,0.9043801,-0.1222638,0.287725,-0.2904523,0.9185175,-0.1253282,0.2850896,-0.2436025,0.7100238,0.4095018,-0.4166163,-0.393199,0.9135002,0.08569265,-0.345617,-0.1967817,-0.392112,-0.1272482,0.9043431,0.1105424,-0.3905995,-0.1008709,0.9082546,0.111043,0.7732792,-0.6026453,-0.1970329,-0.005990549,-0.2998417,-0.06019043,0.9363714,-0.1722808,-0.3558569,-0.188204,0.9149781,0.02757027,0,0,0,0,0.5572743,0.5919142,-0.2809861,-0.5100293,0.9518167,-0.283959,0.05359904,-0.1026611,0.9274573,0.1902656,0.3033395,-0.1077362,0,0,0,0,0.003524789,0.8481879,0.08954646,-0.5220597,0,0,0,0,0,0,0,0,0,0,0,0,0,0,0,0
0.02404565,0.8640482,0.09361404,-0.4940435,0.02248665,0.8557189,0.0940007,-0.5083339,0.007267435,0.8493962,0.06725441,-0.5234023,0,0,0,0,0.625953,-0.5907949,-0.4155785,0.2940048,0.7682372,-0.0395603,-0.6361457,-0.05970851,0.9064093,-0.09838815,0.2929335,-0.2879792,0.9197881,-0.1036473,0.2909118,-0.2421101,0.7091082,0.4141083,-0.4148428,-0.3918997,0.8517419,0.129762,-0.4761579,-0.1759868,-0.3493349,-0.1417997,0.9238998,0.06532259,-0.3396897,0.08145719,0.932923,0.08735202,0.8254575,-0.5102178,-0.2341493,0.05892064,-0.2505569,-0.09541977,0.9506926,-0.1558843,-0.4086038,-0.1301973,0.9023264,0.04357291,0,0,0,0,0.5124612,0.6141338,-0.3068641,-0.5158078,0.9366045,-0.314201,0.08559188,-0.1293204,0.8966202,0.1830697,0.3852,-0.1190745,0,0,0,0,0.011411,0.8481237,0.08424794,-0.5229324,0,0,0,0,0,0,0,0,0,0,0,0,0,0,0,0
0.023638,0.8798218,0.08965402,-0.4661728,0.02066886,0.8639716,0.09038471,-0.4949309,0.01768869,0.8480296,0.05895618,-0.5263622,0,0,0,0,0.6265023,-0.5908803,-0.4149082,0.2936094,0.7382131,-0.03678314,-0.6707536,-0.06146686,0.9175597,-0.1107101,0.2472961,-0.2909846,0.8835669,0.313491,0.3317031,-0.104909,0.7046363,0.4191326,-0.4163055,-0.3930717,0.8533741,0.1439304,-0.4705921,-0.1719873,-0.2966475,-0.1509849,0.9419164,0.04469201,-0.2973284,-0.02549911,0.9543338,-0.01387643,0.8055649,-0.57214,-0.1530285,0.0174202,-0.2805744,-0.1053432,0.9432968,-0.1427301,-0.4070367,-0.1292025,0.9035506,0.03498718,0,0,0,0,0.5478355,0.5923433,-0.3241936,-0.4938666,0.9167764,-0.3564913,0.09133793,-0.1552171,0.9082226,0.1878894,0.3542069,-0.1198619,0,0,0,0,0.01764144,0.8470318,0.07709436,-0.5256258,0,0,0,0,0,0,0,0,0,0,0,0,0,0,0,0
-0.01362605,0.8675361,0.1039235,-0.486205,-0.01565356,0.8578728,0.1036375,-0.5030592,0.01028971,0.8488008,0.06765839,-0.5242648,0,0,0,0,0.6261759,-0.5901935,-0.4152149,0.2952489,0.7426366,-0.03969808,-0.6652693,-0.06581614,0.9163409,-0.1113523,0.2469423,-0.294855,0.8836797,0.313529,0.3314024,-0.1047959,0.7038845,0.4253895,-0.4127589,-0.3914338,0.890952,0.1395246,-0.3931848,-0.1792849,-0.4075682,-0.1447025,0.8991469,0.06696448,-0.4368481,-0.1362531,0.8848603,-0.08729848,0.7867178,-0.5846859,-0.1967626,0.02240382,-0.2744718,-0.07808725,0.9498538,-0.1278486,-0.410615,-0.1272801,0.9023004,0.03239076,0,0,0,0,0.5324921,0.6009381,-0.330522,-0.4960652,0.9118557,-0.3888305,0.05132576,-0.1212258,0.9086809,0.1910371,0.3511738,-0.120336,0,0,0,0,0.01131312,0.8479828,0.08021775,-0.523796,0,0,0,0,0,0,0,0,0,0,0,0,0,0,0,0
-0.07942319,0.8615316,0.1132376,-0.4885003,-0.0810713,0.8542928,0.1120636,-0.5010518,-0.002988404,0.8501822,0.07361837,-0.5213076,0,0,0,0,0.6404896,-0.579748,-0.3922846,0.3158766,-0.1707247,-0.009965703,0.9835921,0.05744863,0.8613433,-0.2187967,0.4573867,0.03182793,0.796695,-0.3989897,0.4512094,0.04994401,0.6957199,0.4321709,-0.4267575,-0.3835103,0.8998725,0.1508271,-0.3691855,-0.1765866,-0.4044157,-0.1546297,0.8997481,0.05468945,-0.4269873,-0.1152692,0.8928518,-0.08491568,0.8626898,-0.4713971,-0.1797518,-0.03522089,-0.2865176,-0.008131054,0.9557568,-0.06610984,-0.414799,-0.1251928,0.9007999,0.02877378,0,0,0,0,0.463737,0.6420214,-0.3350108,-0.5104159,0.9036765,-0.4211516,0.009349846,-0.07689457,0.9053178,0.1963019,0.3561853,-0.1224626,0,0,0,0,-0.04662522,0.8497757,0.08489819,-0.5181695,0,0,0,0,0,0,0,0,0,0,0,0,0,0,0,0
-0.07400673,0.8771192,0.1052459,-0.4627181,-0.07712455,0.8628726,0.102983,-0.4887711,-0.01306703,0.8502933,0.07064053,-0.5213833,0,0,0,0,0.6450661,-0.5779756,-0.3835424,0.3205138,-0.150017,-0.0134132,0.9868585,0.05852539,0.9217381,-0.2259596,0.3151775,0.002042393,0.8060718,-0.5023681,0.3112742,0.03135111,0.6920162,0.4319945,-0.4333166,-0.3830547,0.9083164,0.1580122,-0.3450423,-0.1758954,-0.3981049,-0.1595859,0.9021305,0.04696219,-0.4228114,-0.1260937,0.8921281,-0.09715201,0.8878935,-0.4409113,-0.1088713,-0.07341257,-0.3125141,0.002935048,0.9483783,-0.05389746,-0.426128,-0.1279918,0.8951973,0.02558888,0,0,0,0,0.4539469,0.6566405,-0.3254026,-0.506822,0.8930958,-0.4415374,0.01344284,-0.08511106,0.9062346,0.1959154,0.3541643,-0.1221621,0,0,0,0,-0.05803721,0.8493934,0.08184972,-0.5181344,0,0,0,0,0,0,0,0,0,0,0,0,0,0,0,0
-0.07266313,0.8714195,0.1034982,-0.4739581,-0.07513415,0.8597546,0.1017186,-0.4948032,-0.02079314,0.8506792,0.06803661,-0.5208489,0,0,0,0,0.6464933,-0.5783296,-0.3806474,0.320451,-0.1294565,-0.01603694,0.9896524,0.0597663,0.4531855,-0.163072,0.860601,0.1655188,0.4657523,-0.381514,0.7131759,0.3590294,0.6910018,0.4302822,-0.4353984,-0.3844504,0.9020885,0.1679452,-0.3593295,-0.1700386,-0.4053131,-0.1634184,0.8986744,0.03741698,-0.4266415,-0.1356339,0.8901469,-0.08496433,0.8916841,-0.4289738,-0.1337325,-0.05474298,-0.2985114,-0.002923543,0.9531701,-0.0484698,-0.436288,-0.1319291,0.8895816,0.02986714,0,0,0,0,0.4504713,0.6553367,-0.3267594,-0.5107228,0.8955272,-0.4366838,0.0127671,-0.0847074,0.8791254,0.1877639,0.4162388,-0.1364864,0,0,0,0,-0.06026914,0.8493116,0.08144051,-0.518078,0,0,0,0,0,0,0,0,0,0,0,0,0,0,0,0
-0.06095641,0.8796775,0.06972955,-0.4664649,-0.06305051,0.8650723,0.06784194,-0.4930233,-0.02588229,0.8490503,0.06010909,-0.5242429,0,0,0,0,0.6509831,-0.5768135,-0.3727935,0.3233143,-0.1313504,-0.01456903,0.9892365,0.06281621,0.8750148,-0.2306294,0.4239513,0.03774248,0.7009113,-0.5312915,0.4382053,0.1855503,0.6849161,0.4317659,-0.4449064,-0.3827877,0.9247691,0.1650124,-0.2937016,-0.176953,-0.3372044,-0.1666609,0.926081,0.0298555,-0.3560182,-0.08676683,0.9229851,-0.1175631,0.7832482,-0.6023881,-0.152955,0.01598565,-0.2973058,-0.04673658,0.9532152,-0.02838534,-0.4084361,-0.1362488,0.9025285,0.0076556,0,0,0,0,0.4998041,0.6347654,-0.357956,-0.4681199,0.9114354,-0.3942239,0.02972755,-0.113971,0.9494167,0.2237865,0.1971851,-0.0982121,0,0,0,0,-0.05970711,0.8481128,0.06824815,-0.521998,0,0,0,0,0,0,0,0,0,0,0,0,0,0,0,0