8.44E-05,0.996873,0.07445128,0.02648093,0.000424443,0.9967416,0.07445011,0.03103365,-0.008706629,0.9987887,0.03201965,0.03633432,0,0,0,0,0.8159077,-0.5705966,0.01661945,-0.09185822,0.8939828,-0.07865241,-0.423466,-0.1236324,0.5279744,-0.1684995,0.8304682,-0.05633301,0.512199,-0.20354,0.8229173,-0.1379516,0.7939125,0.6048864,0.04186077,-0.04542206,0.7632407,0.04562715,0.6413241,-0.06391559,0.9534209,0.08578509,-0.2814689,-0.06636756,0.9513931,0.05669246,-0.2868342,-0.09676403,0,0,0,0,0.7210253,0.05419417,-0.6861167,-0.08018254,0.7172975,0.08865309,-0.690989,-0.01261919,0,0,0,0,0,0,0,0,0.5959278,-0.2391531,0.7206041,-0.2615444,0.6504022,0.0411894,0.7546115,0.07643339,0,0,0,0,-0.006168925,0.997859,0.05418224,0.03610634,0,0,0,0,0,0,0,0,0,0,0,0,0,0,0,0
-0.000720028,0.9970407,0.07112701,0.02915925,-0.000394771,0.9968969,0.07112955,0.03371819,-0.007266994,0.9987599,0.03022069,0.03889172,0,0,0,0,0.81713,-0.5690864,0.01895345,-0.08988839,0.8908675,-0.07639962,-0.4268426,-0.1353649,0.4985199,-0.1882821,0.843007,-0.07325907,0.477805,-0.2560229,0.8277116,-0.14508,0.7935687,0.6055656,0.04389798,-0.04014822,0.729836,0.04769565,0.6793597,-0.05945521,0.956207,0.09057958,-0.2703361,-0.06619664,0.9635074,-0.01573015,-0.2501191,0.0940553,0,0,0,0,0.7236832,0.05044604,-0.6844935,-0.07215679,0.7176756,0.09407432,-0.6897957,-0.01654346,0,0,0,0,0,0,0,0,0.5877488,-0.2621987,0.7070628,-0.293028,0.6430954,0.05095216,0.7597555,0.08126333,0,0,0,0,-0.005191671,0.9978867,0.05193343,0.03870553,0,0,0,0,0,0,0,0,0,0,0,0,0,0,0,0
-0.002976428,0.9970871,0.06902247,0.03231528,-0.002707564,0.9969537,0.06903354,0.03619867,-0.009522642,0.9987462,0.02746737,0.04075309,0,0,0,0,0.8176032,-0.5685512,0.02134294,-0.08842489,0.8407881,-0.06183624,-0.5164169,-0.1502171,0.6458222,-0.2190861,0.7158285,-0.1500148,0.6317725,-0.2009296,0.7166713,-0.2165018,0.7925637,0.6070862,0.04423568,-0.03650209,0.700197,0.05160863,0.7099341,-0.05526504,0.9452972,0.09763721,-0.3063716,-0.05492399,0.946565,-0.06121546,-0.2610403,0.1792354,0,0,0,0,0.7265496,0.04617238,-0.6825992,-0.0636565,0.721652,0.09229998,-0.6856684,-0.02361776,0,0,0,0,0,0,0,0,0.5751355,-0.2842411,0.6983229,-0.317445,0.6332951,0.0561252,0.7665443,0.09053692,0,0,0,0,-0.007568372,0.9979265,0.04942849,0.04052539,0,0,0,0,0,0,0,0,0,0,0,0,0,0,0,0
-0.004851503,0.997166,0.0666336,0.03458844,-0.004749073,0.9971117,0.06664099,0.03612118,-0.01033736,0.9988959,0.025234,0.03825257,0,0,0,0,0.8191749,-0.5670152,0.01988197,-0.08396989,0.8381434,-0.05589697,-0.5208316,-0.1520714,0.718071,-0.2041897,0.6396149,-0.1832304,0.6034604,-0.266113,0.6942926,-0.2880575,0.794084,0.6053455,0.04164694,-0.03539847,0.6964462,0.05830312,0.7133583,-0.05180225,0.9317012,0.09425984,-0.3497657,-0.02668316,0.9321111,-0.08027645,-0.3107816,0.1677477,0,0,0,0,0.7283996,0.04669433,-0.681004,-0.0590528,0.7170274,0.09622716,-0.689896,-0.02560044,0,0,0,0,0,0,0,0,0.5725124,-0.2870328,0.6976383,-0.3211582,0.638145,0.05523381,0.7624379,0.09169844,0,0,0,0,-0.008816659,0.9981279,0.04709352,0.0380167,0,0,0,0,0,0,0,0,0,0,0,0,0,0,0,0
-0.006233729,0.997237,0.06474177,0.03589031,-0.006204912,0.9972209,0.06474453,0.03633416,-0.01060648,0.9989608,0.02391439,0.03732206,0,0,0,0,0.820304,-0.5659801,0.01863438,-0.08012889,0.8272387,-0.05384481,-0.5367781,-0.1569909,0.6169006,-0.2492699,0.7237462,-0.1830012,0.5811928,-0.2811125,0.7014793,-0.3018567,0.7937771,0.6059088,0.04146356,-0.03275917,0.720954,0.06501117,0.6882554,-0.0479942,0.9300619,0.08575404,-0.3571985,-0.006341206,0.929979,-0.05699471,-0.3247256,0.1626162,0,0,0,0,0.7293516,0.04847178,-0.6800234,-0.05713931,0.7164987,0.09596572,-0.6904915,-0.02533083,0,0,0,0,0,0,0,0,0.5726599,-0.2886175,0.69542,-0.3242709,0.6413344,0.05675732,0.7596363,0.09176787,0,0,0,0,-0.009381192,0.9982287,0.04556349,0.03708619,0,0,0,0,0,0,0,0,0,0,0,0,0,0,0,0
-0.006978043,0.9972569,0.06426028,0.03606447,-0.007055257,0.9972995,0.06425186,0.03486609,-0.01116709,0.9990698,0.02380884,0.03417546,0,0,0,0,0.8212752,-0.5646841,0.01728463,-0.07962541,0.8317878,-0.05962664,-0.5279155,-0.1608696,0.7692944,-0.1991491,0.5494798,-0.2580652,0.7278614,-0.2076526,0.5424812,-0.3644343,0.7942176,0.6053887,0.03763563,-0.03614197,0.7063724,0.07094468,0.7026747,-0.04746774,0.9564533,0.08906648,-0.2778479,-0.008046364,0.9546315,-0.1111958,-0.2645611,0.07950875,0,0,0,0,0.7294617,0.04874234,-0.6799241,-0.05668422,-0.6910772,-0.09441023,0.7162583,0.02175049,0,0,0,0,0,0,0,0,0.5761719,-0.2877634,0.6938104,-0.3222503,0.643568,0.05868693,0.7575948,0.09179398,0,0,0,0,-0.01007052,0.9983467,0.04529002,0.03393078,0,0,0,0,0,0,0,0,0,0,0,0,0,0,0,0
-0.007809771,0.9973682,0.06414279,0.03288543,-0.00796499,0.9974448,0.06412371,0.03047143,-0.01142375,0.9992319,0.02432621,0.02851955,0,0,0,0,0.820179,-0.5670812,0.0112157,-0.07482875,0.8250875,-0.05248571,-0.5391709,-0.1605321,0.6051776,-0.2659221,0.7184901,-0.2163734,0.5622692,-0.3042228,0.6912737,-0.3368123,0.7933176,0.6066144,0.03452028,-0.03840068,0.5486556,0.06424602,0.8313131,-0.06138501,0.9025057,0.09160674,-0.4193606,0.0350474,0.898318,0.02878639,-0.4337412,-0.06375507,0,0,0,0,0.7273159,0.04957032,-0.6822375,-0.05573398,0.7032826,0.0920003,-0.7045335,-0.02370962,0,0,0,0,0,0,0,0,0.605316,-0.2683649,0.6863636,-0.3007951,0.6552165,0.06164551,0.7494547,0.07217236,0,0,0,0,-0.01044827,0.9984995,0.04572058,0.02827103,0,0,0,0,0,0,0,0,0,0,0,0,0,0,0,0
-0.00885536,0.997476,0.06423137,0.02893952,-0.008966403,0.9975246,0.06421597,0.02721484,-0.01222346,0.9992821,0.02471096,0.02598903,0,0,0,0,0.8211111,-0.5659395,0.008951539,-0.07354464,0.8188365,-0.05034838,-0.5488753,-0.1603362,0.6299179,-0.2664114,0.6890066,-0.2397884,0.5919077,-0.2695195,0.6714218,-0.3552424,0.7930316,0.6069717,0.03267002,-0.04023377,0.6255536,0.07195863,0.7748654,-0.05557299,0.9287595,0.09365366,-0.3579406,0.02265632,0.9190777,0.06095123,-0.3719944,-0.1148973,0,0,0,0,0.7244982,0.05225917,-0.6850083,-0.05599222,0.7023529,0.08884656,-0.7058918,-0.02288215,0,0,0,0,0,0,0,0,0.618365,-0.2496253,0.6916873,-0.2772734,0.6496208,0.06076508,0.7548528,0.06706339,0,0,0,0,-0.0111771,0.9985457,0.04604238,0.02572447,0,0,0,0,0,0,0,0,0,0,0,0,0,0,0,0
-0.01175803,0.9975009,0.06745167,0.01743474,-0.011579,0.9974512,0.06748263,0.02008156,-0.01355376,0.9992845,0.02647565,0.02336125,0,0,0,0,0.8221537,-0.5643635,0.007118142,-0.07420528,0.8118302,-0.04758697,-0.5608271,-0.1553706,0.5600254,-0.2947189,0.7419797,-0.2213107,0.5256344,-0.2920413,0.7325598,-0.3190243,0.7920792,0.6080818,0.03018259,-0.04400131,0.6823329,0.07691474,0.7250321,-0.05323984,0.9315341,0.1018324,-0.3490982,-0.002203015,0.9267497,0.0659273,-0.359897,-0.08522163,0,0,0,0,0.7163842,0.05243685,-0.6934626,-0.05615685,-0.699704,-0.08698399,0.7088,0.02123007,0,0,0,0,0,0,0,0,0.6292766,-0.2187708,0.7059124,-0.2404953,0.6458157,0.0487445,0.7598446,0.05641074,0,0,0,0,-0.01180968,0.9985533,0.04711133,0.02307196,0,0,0,0,0,0,0,0,0,0,0,0,0,0,0,0
-0.01567031,0.9972428,0.07240901,0.004253939,-0.01529517,0.9972075,0.07248919,0.009417717,-0.01393177,0.9994223,0.02694697,0.01532474,0,0,0,0,0.8217907,-0.5654616,-0.002197158,-0.0700599,0.8086283,-0.04341667,-0.5670029,-0.1508078,0.8354704,-0.1619728,0.408547,-0.3299141,0.8121002,-0.1174059,0.4285125,-0.3782674,0.7903278,0.6100801,0.02644773,-0.04984792,0.7428001,0.08049154,0.6622699,-0.05628235,0.9543393,0.1010619,-0.2798645,-0.02643527,0.9488786,0.07358667,-0.2891419,-0.1030111,0,0,0,0,0.7066624,0.05301981,-0.7030671,-0.05927836,-0.6968731,-0.08290875,0.7121958,0.01646964,0,0,0,0,0,0,0,0,0.6394004,-0.1751218,0.7235399,-0.1923265,0.7302392,0.01909612,0.6815933,0.04262157,0,0,0,0,-0.01366395,0.9985441,0.04997799,0.01500574,0,0,0,0,0,0,0,0,0,0,0,0,0,0,0,0
-0.0181594,0.9966062,0.07966338,-0.009995804,-0.0174311,0.996656,0.0798259,-0.000893641,-0.01130865,0.9992765,0.03520326,0.008917486,0,0,0,0,0.8230079,-0.563787,-0.01061809,-0.06847998,0.8004963,-0.03072416,-0.5815147,-0.1417825,0.5260199,-0.2932438,0.7754374,-0.189758,0.5092726,-0.2588716,0.7844505,-0.2413802,0.7890969,0.6112144,0.02497598,-0.0558502,0.7942623,0.08092258,0.5984008,-0.06719608,0.862796,0.1086713,-0.4934925,-0.01545188,0.8556127,0.08288369,-0.5019226,-0.09555479,0,0,0,0,-0.6954697,-0.06393073,0.7125796,0.06682153,-0.7024337,-0.0692874,0.7083341,0.007005005,0,0,0,0,0,0,0,0,0.7025366,-0.111261,0.6876947,-0.1453939,0.7166899,-0.01351048,0.6971866,0.01019133,0,0,0,0,-0.0141213,0.9983841,0.05434399,0.008745798,0,0,0,0,0,0,0,0,0,0,0,0,0,0,0,0
-0.01909687,0.9959686,0.08563367,-0.01867511,-0.01845848,0.99608,0.08577354,-0.01125592,-0.01057411,0.998992,0.04349831,-0.003334758,0,0,0,0,0.8198389,-0.5683515,-0.02706084,-0.06409764,0.8132356,-0.03512848,-0.5628749,-0.1434777,0.4318782,-0.2876383,0.8445984,-0.1319051,0.4194611,-0.2208146,0.8616484,-0.1812605,0.7877613,0.6119606,0.02190282,-0.06675861,0.8185346,0.07572509,0.5628119,-0.08665831,0.894282,0.1187676,-0.426015,-0.06830238,0.892471,0.07258753,-0.4347773,-0.09589155,0,0,0,0,-0.6878099,-0.07113463,0.7182311,0.0774687,-0.6987906,-0.05339471,0.7133287,-0.001692406,0,0,0,0,0,0,0,0,0.7142396,-0.08201908,0.6866034,-0.1082151,0.6883781,-0.02722009,0.724798,0.007914017,0,0,0,0,-0.01490556,0.9979559,0.06204974,-0.003418703,0,0,0,0,0,0,0,0,0,0,0,0,0,0,0,0
-0.01788327,0.9955949,0.0883849,-0.02567174,-0.01746392,0.9957054,0.08846872,-0.02095005,-0.009823572,0.9985433,0.05058466,-0.01600101,0,0,0,0,0.8171387,-0.5716614,-0.03999754,-0.06235209,0.8055933,-0.02917834,-0.576305,-0.1343156,0.7398688,-0.2013204,0.6081393,-0.2055013,0.7357489,-0.193596,0.6108556,-0.2192018,0.7873446,0.6110367,0.01455985,-0.08068945,0.8528268,0.07494974,0.5070554,-0.09981877,0.8313791,0.1284641,-0.5351827,-0.07671496,0.8277268,0.1015276,-0.5412291,-0.1078496,0,0,0,0,-0.6799376,-0.09076736,0.7212352,0.09625965,0.7102545,0.03050388,-0.703035,0.01870036,0,0,0,0,0,0,0,0,0.7222318,-0.05446986,0.6854149,-0.07497189,0.6939171,-0.05521953,0.7177001,-0.01834448,0,0,0,0,-0.01341722,0.9974573,0.06812832,-0.01604126,0,0,0,0,0,0,0,0,0,0,0,0,0,0,0,0
-0.0128759,0.9953695,0.09019957,-0.03062544,-0.01299041,0.9953297,0.09018315,-0.0318892,-0.006775612,0.9978516,0.05600272,-0.03331457,0,0,0,0,0.8053865,-0.5873708,-0.05718533,-0.05547815,0.834546,-0.03596951,-0.5335088,-0.1326939,0.6008846,-0.2069778,0.7604713,-0.1333462,0.5995321,-0.2245839,0.7559881,-0.1364011,0.7862108,0.6104104,0.004123614,-0.09620109,0.8698854,0.06710365,0.4739008,-0.1192254,-0.41661,-0.1653123,0.893878,0.009492591,-0.4098306,-0.1739685,0.8939834,0.05067147,0,0,0,0,-0.6712407,-0.1189564,0.7202434,0.128588,0.7177309,0.01529969,-0.6953425,0.0335734,0,0,0,0,0,0,0,0,0.726109,-0.041575,0.6833444,-0.06385595,0.7248992,-0.06143378,0.6856396,-0.02540508,0,0,0,0,-0.00873963,0.9966912,0.0736163,-0.0333297,0,0,0,0,0,0,0,0,0,0,0,0,0,0,0,0
-0.0110888,0.9951491,0.08942062,-0.0394877,-0.01134747,0.9950307,0.08938817,-0.04236684,-0.007893859,0.9974659,0.05428864,-0.04530143,0,0,0,0,0.7996355,-0.5949617,-0.06717543,-0.04572899,0.8326969,-0.03339346,-0.5379227,-0.1270431,0.6246905,-0.191602,0.7472529,-0.1210937,0.6430357,-0.1407737,0.7517242,-0.03998276,0.7884055,0.6065353,-0.005571654,-0.1024725,0.8319011,0.04601224,0.5369431,-0.1323459,-0.459325,-0.1933645,0.8663655,0.03227072,-0.4465256,-0.1924879,0.8668309,0.1103055,0,0,0,0,-0.6078887,-0.1732129,0.7540165,0.1786831,0.7266961,-0.003581599,-0.6841116,0.06238081,0,0,0,0,0,0,0,0,0.7325786,-0.03134893,0.677652,-0.05597753,0.7292773,-0.07066986,0.67986,-0.03083578,0,0,0,0,-0.008937663,0.9962685,0.07287506,-0.04537073,0,0,0,0,0,0,0,0,0,0,0,0,0,0,0,0
-0.007820914,0.995214,0.08789844,-0.04197301,-0.008174965,0.9950368,0.08786621,-0.04598207,-0.003962831,0.997354,0.05239668,-0.05023977,0,0,0,0,0.7954022,-0.6005804,-0.06770618,-0.04532515,0.8205823,-0.03065692,-0.5596437,-0.1118203,0.88056,-0.1196718,0.437,-0.13901,0.8897353,-0.09194535,0.4380597,-0.08955906,0.7890083,0.6046005,-0.01260269,-0.1084679,0.8270038,0.03595216,0.5415056,-0.1467781,0.8547549,0.1532928,-0.4666204,-0.1678113,0.8347027,0.1118185,-0.4812279,-0.2432854,0,0,0,0,-0.5967362,-0.1914045,0.7524415,0.2027361,0.7325579,-0.008113294,-0.6780779,0.05919067,0,0,0,0,0,0,0,0,0.7343251,-0.02715588,0.6761221,-0.05374154,0.7300038,-0.08030308,0.6778175,-0.03477637,0,0,0,0,-0.005340999,0.9961322,0.07189704,-0.05022934,0,0,0,0,0,0,0,0,0,0,0,0,0,0,0,0
-0.005847039,0.9950904,0.08146536,-0.05589496,-0.005684407,0.9952,0.08147687,-0.05390846,0.000392159,0.9974344,0.04899012,-0.0521974,0,0,0,0,0.7951369,-0.6012304,-0.06698335,-0.04233905,0.8020548,-0.03052576,-0.5884925,-0.09722629,0.8332354,-0.1235862,0.5306714,-0.09398419,0.8394641,-0.03840274,0.5394984,-0.0525994,0.7906113,0.6025584,-0.01610691,-0.107692,0.792491,0.01296152,0.5884391,-0.1597789,-0.4786742,-0.2635301,0.8323988,0.09238596,-0.4612092,-0.239823,0.8370101,0.1708361,0,0,0,0,-0.5842881,-0.2223447,0.7421986,0.2414775,-0.6774467,0.0141151,0.7327881,-0.06235641,0,0,0,0,0,0,0,0,0.743369,-0.02512862,0.6658782,-0.05811298,0.7300724,-0.08460179,0.6772442,-0.03430885,0,0,0,0,-0.002538328,0.996264,0.06885174,-0.05206592,0,0,0,0,0,0,0,0,0,0,0,0,0,0,0,0
-0.001296496,0.9952947,0.07499172,-0.06134384,-0.001030517,0.995506,0.07499584,-0.05781347,0.004892863,0.9974689,0.04530459,-0.05458423,0,0,0,0,0.7913132,-0.6066523,-0.06585995,-0.0381969,0.7918881,-0.03535798,-0.6041808,-0.08141544,0.9383889,-0.0908636,0.3239658,-0.07884286,0.9458687,-0.03036486,0.3227531,-0.01551385,0.7915378,0.6013732,-0.02058894,-0.1067447,0.7824268,0.003678127,0.6001607,-0.1661383,0.8939716,0.1463254,-0.3179086,-0.279889,0.8681429,0.09346294,-0.3417411,-0.347571,0,0,0,0,-0.5934063,-0.2377409,0.7240675,0.2589876,-0.6588078,0.02187975,0.7497867,-0.05756214,0,0,0,0,0,0,0,0,0.7464348,-0.02506283,0.66193,-0.06368441,0.7304944,-0.08624936,0.6766236,-0.03345612,0,0,0,0,0.000897622,0.9964102,0.06489737,-0.05435268,0,0,0,0,0,0,0,0,0,0,0,0,0,0,0,0
0.002737956,0.9958563,0.07279102,-0.05444387,0.002709831,0.9958352,0.07279208,-0.05482864,0.007919135,0.9975199,0.04236702,-0.05564544,0,0,0,0,0.7884987,-0.6105968,-0.06450326,-0.03578535,0.8864951,-0.05626037,-0.4547609,-0.06444906,0.9567402,-0.07325712,0.2784807,-0.04159312,0.9589404,-0.03185787,0.2801368,-0.03068839,0.7908933,0.6023042,-0.02314553,-0.1057437,0.7914901,0.003381472,0.5844985,-0.1785875,0.8707045,0.1542888,-0.3405776,-0.3194927,0.8454195,0.1352825,-0.3496291,-0.3804259,0,0,0,0,-0.5949178,-0.2487406,0.7139942,0.2727881,-0.6520853,0.03081327,0.755033,-0.06132186,0,0,0,0,0,0,0,0,0.741374,-0.02884654,0.6671311,-0.06684738,0.730627,-0.0874934,0.6761972,-0.03586695,0,0,0,0,0.004056983,0.9965247,0.06209662,-0.05537247,0,0,0,0,0,0,0,0,0,0,0,0,0,0,0,0
0.005500847,0.9958773,0.07379645,-0.05246187,0.005439869,0.9958336,0.07380097,-0.05328471,0.009892539,0.9975904,0.04160981,-0.05462743,0,0,0,0,0.784966,-0.6151958,-0.06443691,-0.03479108,0.9279003,-0.08379152,0.3631672,0.009474451,0.9879887,-0.06114641,-0.1413394,-0.01275806,0.978672,-0.00255192,-0.1212505,-0.1658099,0.7928273,0.6001689,-0.02143129,-0.1037439,0.7804974,-0.00501084,0.597237,-0.1846801,0.8587989,0.1528969,-0.3106064,-0.3776382,0.8519718,0.1438204,-0.3149536,-0.3927646,0,0,0,0,-0.5976371,-0.2507245,0.7092133,0.2774592,-0.6486305,0.03261026,0.7582672,-0.05697367,0,0,0,0,0,0,0,0,0.7400374,-0.03057073,0.6686515,-0.06569131,0.7297757,-0.08759291,0.6770764,-0.03636719,0,0,0,0,0.007229959,0.9965746,0.06191691,-0.05434136,0,0,0,0,0,0,0,0,0,0,0,0,0,0,0,0
0.00689062,0.9958419,0.07517841,-0.0509871,0.006815063,0.9957901,0.07518531,-0.05198787,0.01077145,0.997609,0.04234977,-0.05354363,0,0,0,0,0.7819484,-0.6189773,-0.06486373,-0.03487707,0.6951802,-0.06566048,0.7140462,0.05051118,0.9163176,-0.06223894,0.3900771,0.06578849,0.8926381,-0.0417045,0.401766,-0.2001053,0.7913259,0.6024187,-0.01897982,-0.10264,0.7802674,-0.01022793,0.596415,-0.188062,0.850693,0.1557884,-0.3175838,-0.388834,0.8164691,0.1516717,-0.3191217,-0.4566565,0,0,0,0,-0.6017631,-0.2522115,0.7048119,0.2784075,-0.6453134,0.04364655,0.7598595,-0.06541437,0,0,0,0,0,0,0,0,0.7389979,-0.03198024,0.6697466,-0.06556638,0.7293254,-0.08645573,0.6777211,-0.03610787,0,0,0,0,0.008573277,0.996568,0.06279687,-0.05324623,0,0,0,0,0,0,0,0,0,0,0,0,0,0,0,0
0.007880853,0.9958892,0.07625278,-0.0482498,0.007732266,0.9957933,0.076268,-0.05019011,0.01090172,0.9976287,0.04290861,-0.05269581,0,0,0,0,0.7814571,-0.6195537,-0.06510455,-0.03520547,0.7252027,-0.06194161,0.6833069,0.05775715,0.977433,-0.07813998,0.1930875,0.03515578,0.9728484,0.0290003,0.2135116,-0.08448454,0.7912921,0.6026378,-0.0173543,-0.101899,0.7849587,-0.007656302,0.5893337,-0.1909636,0.8393893,0.1634583,-0.3400716,-0.3912268,0.7947481,0.1643675,-0.3375883,-0.4768574,0,0,0,0,-0.6079179,-0.2503539,0.700032,0.2787722,-0.6487651,0.04966197,0.7566168,-0.06456423,0,0,0,0,0,0,0,0,0.7371871,-0.0340417,0.6717255,-0.06466246,0.7289263,-0.08624842,0.678161,-0.03640467,0,0,0,0,0.009143606,0.9965675,0.0634314,-0.05240319,0,0,0,0,0,0,0,0,0,0,0,0,0,0,0,0
0.008882335,0.9958311,0.07739154,-0.04745687,0.008808839,0.9957855,0.07739994,-0.04840248,0.01306162,0.9976264,0.04550749,-0.05000167,0,0,0,0,0.7813705,-0.6195007,-0.06623151,-0.03595135,0.9530469,-0.08241918,0.2899073,0.02936932,0.9695015,-0.07648958,0.2312585,0.02712349,0.9658702,0.01415447,0.2475755,-0.07483879,0.7923051,0.6019231,-0.01183703,-0.09900048,0.7860401,-0.01125392,0.5870585,-0.1933306,0.8700544,0.1148481,-0.2411284,-0.4143336,0.83599,0.09956129,-0.2483705,-0.479083,0,0,0,0,-0.6119733,-0.2485365,0.698405,0.2755879,-0.6583058,0.05739211,0.7470284,-0.07271961,0,0,0,0,0,0,0,0,0.7366033,-0.03452963,0.6723301,-0.06477232,0.7276221,-0.08578557,0.6796364,-0.03607599,0,0,0,0,0.01113889,0.9965566,0.06545573,-0.0496632,0,0,0,0,0,0,0,0,0,0,0,0,0,0,0,0
0.008484153,0.9957162,0.08072796,-0.0442741,0.008488451,0.9957186,0.08072751,-0.04422107,0.0132851,0.9975028,0.0529278,-0.04483669,0,0,0,0,0.7800133,-0.6208897,-0.06735059,-0.03923243,0.9881862,-0.08931356,-0.1243852,-0.006276239,0.9655033,-0.07393317,0.2488074,0.02079126,0.9638948,-0.001375838,0.2600967,-0.05704864,0.7930349,0.6015862,-0.002666892,-0.09582614,0.786957,-0.01719073,0.584304,-0.1974638,0.878361,0.09509287,-0.2037842,-0.4217953,0.8615016,0.07399567,-0.2140908,-0.4544279,0,0,0,0,-0.6160491,-0.2321108,0.7098549,0.2504278,-0.6337855,0.06092947,0.7668309,-0.08107994,0,0,0,0,0,0,0,0,0.7345284,-0.03569813,0.6745851,-0.06425432,0.7253578,-0.08389212,0.6823946,-0.03399856,0,0,0,0,0.0120696,0.9964925,0.06980792,-0.04454004,0,0,0,0,0,0,0,0,0,0,0,0,0,0,0,0
0.009127437,0.9956757,0.08283451,-0.04105093,0.00917198,0.9956976,0.08282958,-0.04051549,0.01315243,0.9973884,0.0582852,-0.04057399,0,0,0,0,0.7790509,-0.6217268,-0.06620257,-0.0463964,0.9278784,-0.09000295,-0.3608473,-0.02702812,0.9383772,-0.0699836,0.3383368,0.008874319,0.9348104,-0.02861297,0.3467682,-0.07115208,0.7945011,0.5993279,0.002721656,-0.09780883,0.7882507,-0.03060998,0.5803674,-0.2022314,0.8560103,0.1366283,-0.2991777,-0.3988382,0.8540019,0.1256535,-0.3041185,-0.4029935,0,0,0,0,-0.6215722,-0.2047907,0.7239043,0.2183379,-0.636016,0.05007023,0.7664887,-0.07397073,0,0,0,0,0,0,0,0,0.7320732,-0.04005697,0.6768056,-0.06632119,0.7021466,-0.08010086,0.7069436,-0.02836846,0,0,0,0,0.01221924,0.9963263,0.07457364,-0.04029198,0,0,0,0,0,0,0,0,0,0,0,0,0,0,0,0
0.009408589,0.9956971,0.08540358,-0.03471447,0.009435362,0.9957079,0.08540063,-0.0344023,0.01042457,0.9973843,0.06269369,-0.03443046,0,0,0,0,0.7797968,-0.6204811,-0.06516166,-0.05171039,0.8733169,-0.08636624,-0.4777873,-0.03972248,0.9626155,-0.07480177,0.2598284,-0.01628721,0.9609672,-0.04476713,0.2653429,-0.06427298,0.7956495,0.5980699,0.0108899,-0.09557997,0.8049468,-0.02688543,0.5565754,-0.2038667,0.888152,0.1066074,-0.2559573,-0.3664789,0.8829057,0.1355337,-0.2438619,-0.3776768,0,0,0,0,-0.6350223,-0.1710638,0.7317765,0.1788493,-0.6630753,0.04002577,0.7446967,-0.06446686,0,0,0,0,0,0,0,0,0.7273365,-0.0465545,0.6811534,-0.06960259,0.7035261,-0.07178272,0.7066275,-0.02399625,0,0,0,0,0.01028449,0.9962634,0.07862492,-0.03423058,0,0,0,0,0,0,0,0,0,0,0,0,0,0,0,0
0.009888626,0.9954314,0.09105285,-0.02697994,0.009948211,0.9954488,0.09104635,-0.0263285,0.009226695,0.9972304,0.0691343,-0.02582729,0,0,0,0,0.7817357,-0.6172398,-0.06000851,-0.06560007,0.8457417,-0.08579545,-0.5242465,-0.05025655,0.9206325,-0.08411453,0.3783094,-0.04735611,0.9206747,-0.04172501,0.3832107,-0.06137255,0.7969847,0.5955721,0.01913458,-0.09870689,0.7725509,-0.03861189,0.6099571,-0.1721238,0.8892666,0.1324609,-0.3046595,-0.3143909,0.8730376,0.1753418,-0.288376,-0.351994,0,0,0,0,-0.6673863,-0.1305439,0.7187262,0.144867,-0.6770233,0.01923561,0.73408,-0.04894922,0,0,0,0,0,0,0,0,0.720937,-0.05665709,0.6862395,-0.07819884,0.701455,-0.05824383,0.7101865,-0.01427222,0,0,0,0,0.008778866,0.9959801,0.08537903,-0.02563103,0,0,0,0,0,0,0,0,0,0,0,0,0,0,0,0
0.009218595,0.9950828,0.09634895,-0.02102874,0.009465828,0.9951335,0.09632498,-0.01847495,0.00745759,0.9972364,0.07219034,-0.01589361,0,0,0,0,0.7859232,-0.6113573,-0.05438543,-0.07489464,0.8705085,-0.08762415,-0.4809421,-0.05684777,0.8970259,-0.08597483,0.4303388,-0.05254949,0.8873687,-0.08668972,0.4329404,-0.1327569,0.7959601,0.5971147,0.02941025,-0.09506124,0.7797841,-0.0338546,0.6003783,-0.1741735,0.8085764,0.1896776,-0.5007557,-0.2438654,0.8092372,0.1988265,-0.4977433,-0.24053,0,0,0,0,-0.6839313,-0.09892386,0.7133437,0.1165876,-0.6551717,-0.005582416,0.7546766,-0.03438457,0,0,0,0,0,0,0,0,0.7152328,-0.07070093,0.6894591,-0.08994246,0.724924,-0.03705499,0.6878211,-0.003750267,0,0,0,0,0.007367494,0.9958724,0.08908333,-0.01574768,0,0,0,0,0,0,0,0,0,0,0,0,0,0,0,0
0.007905118,0.9948169,0.09991425,-0.0171447,0.008439567,0.9948944,0.09987052,-0.01182196,0.008082286,0.9973235,0.07237189,-0.00654922,0,0,0,0,0.7900425,-0.605849,-0.04903375,-0.07984746,0.843866,-0.08128279,-0.5255646,-0.07116944,0.6548477,-0.1240018,0.7447841,-0.0330883,0.6499383,-0.1188112,0.7447286,-0.09403905,0.7973822,0.595763,0.03922983,-0.08780143,0.7879797,-0.02427561,0.592508,-0.1656291,-0.643171,-0.2241258,0.717721,0.1448282,-0.6447822,-0.2329086,0.7148787,0.137688,0,0,0,0,-0.6906071,-0.06485718,0.7155194,0.08298994,-0.6586679,-0.03970832,0.7512792,-0.01263265,0,0,0,0,0,0,0,0,0.7101544,-0.0841672,0.690904,-0.1060583,0.7217946,-0.02113764,0.6917464,0.007259967,0,0,0,0,0.007943895,0.9958611,0.09031422,-0.006391863,0,0,0,0,0,0,0,0,0,0,0,0,0,0,0,0
0.00750555,0.9946074,0.1032726,-0.005874014,0.007964517,0.9946237,0.1032382,-0.001452991,0.007597941,0.997258,0.0735548,0.002913662,0,0,0,0,0.8008249,-0.5905063,-0.03830222,-0.09227537,0.8050719,-0.06616376,-0.5824567,-0.09069525,0.9058616,-0.1202317,0.3847599,-0.1300732,0.907366,-0.04348171,0.3984569,-0.1266033,0.7958204,0.5975722,0.04479484,-0.08701047,0.8131537,-0.008857238,0.5589595,-0.1620697,0.7286925,0.1839465,-0.6463467,-0.1319353,0.7287738,0.1605596,-0.6519978,-0.134195,0,0,0,0,-0.6998177,-0.05682355,0.7085553,0.07053792,0.7662007,0.03932536,-0.6413491,0.007833837,0,0,0,0,0,0,0,0,0.6958048,-0.1118676,0.6954802,-0.1401732,0.702455,-0.001596031,0.7112983,0.02467939,0,0,0,0,0.007793086,0.9957218,0.09202305,0.00303721,0,0,0,0,0,0,0,0,0,0,0,0,0,0,0,0
0.006544041,0.9946623,0.1029339,0.002958798,0.006910016,0.9946455,0.10291,0.006495644,0.00622087,0.9973799,0.07137673,0.01000257,0,0,0,0,0.8038547,-0.5864127,-0.03213242,-0.09436798,0.8399489,-0.06815464,-0.5283377,-0.1034415,0.7322084,-0.155157,0.6548626,-0.1046522,0.7168372,-0.1250507,0.6632583,-0.174915,0.7923991,0.6026716,0.05038133,-0.07970159,0.8168905,0.005482747,0.5598425,-0.1386944,0.8798845,0.1288807,-0.4365408,-0.1364739,0.8750481,0.1246137,-0.4386895,-0.1622155,0,0,0,0,0.706513,0.04132458,-0.7035882,-0.06399512,0.7140968,0.04703379,-0.698436,0.00638297,0,0,0,0,0,0,0,0,0.6476089,-0.1559977,0.7240238,-0.1790448,0.6965578,0.01667111,0.7160066,0.04317126,0,0,0,0,0.006844812,0.9958426,0.09027313,0.01007402,0,0,0,0,0,0,0,0,0,0,0,0,0,0,0,0
0.002524212,0.9947993,0.1015915,0.006863875,0.002734602,0.994783,0.1015861,0.008924087,-0.00085292,0.9975727,0.06870409,0.01129649,0,0,0,0,0.810116,-0.5774062,-0.02691045,-0.09792828,0.8494123,-0.05343882,-0.5114965,-0.1183826,0.5302745,-0.1862181,0.8235549,-0.07674,0.5156214,-0.1867988,0.8208013,-0.159769,0.7902314,0.6055571,0.04676866,-0.08153289,0.7408311,-0.001584545,0.6617826,-0.1149372,0.8280187,0.1457634,-0.5305902,-0.1077598,0.8410971,0.05794932,-0.5364698,-0.03738707,0,0,0,0,0.7093821,0.03226389,-0.7014434,-0.0609359,-0.6779647,-0.0640486,0.7322916,-0.003261955,0,0,0,0,0,0,0,0,0.6184489,-0.1873648,0.7341982,-0.2082512,0.7069744,0.01850072,0.7058048,0.04104428,0,0,0,0,0.001004867,0.9960352,0.08824936,0.01117804,0,0,0,0,0,0,0,0,0,0,0,0,0,0,0,0
0.001361043,0.9952522,0.09661942,0.01165615,0.00143951,0.9952425,0.09661829,0.01246441,-0.002443796,0.9977981,0.06486989,0.01359495,0,0,0,0,0.811907,-0.5753842,-0.02291538,-0.09599422,0.8311102,-0.03566505,-0.5392984,-0.1309235,0.4969606,-0.2120678,0.8371396,-0.08517404,0.4774302,-0.2611448,0.8251697,-0.1515213,0.7906598,0.605646,0.04627198,-0.07687006,0.743178,0.01165982,0.6618037,-0.09780762,0.9456058,0.09861231,-0.2971524,-0.08835062,0.9470223,0.0153763,-0.3080199,-0.08964426,0,0,0,0,0.7130184,0.0268089,-0.698283,-0.05733394,-0.6454706,-0.07634789,0.759959,-0.001049157,0,0,0,0,0,0,0,0,0.6136044,-0.2082166,0.7241731,-0.2360269,0.6752996,0.02441023,0.7360222,0.04056854,0,0,0,0,-0.000292432,0.9963505,0.0842915,0.01343869,0,0,0,0,0,0,0,0,0,0,0,0,0,0,0,0
-7.99E-07,0.9952444,0.09226907,0.03122587,-0.000800023,0.9954775,0.09226561,0.022604,-0.005524053,0.998037,0.06076114,0.01413383,0,0,0,0,0.8161932,-0.5696269,-0.01890793,-0.09484873,0.7962319,-0.01210008,-0.5878688,-0.1424031,0.5011456,-0.2456574,0.8232504,-0.1037515,0.4832184,-0.2832349,0.8131629,-0.1582535,0.7904494,0.6064043,0.04288678,-0.07499479,0.7393222,0.02166336,0.6680983,-0.08110361,0.9479398,0.09020001,-0.2973346,-0.06975915,0.9565327,-0.01968307,-0.2861443,0.05271918,0,0,0,0,0.7268265,0.02268239,-0.6843086,-0.05413189,-0.640942,-0.08295126,0.7630919,0.001822993,0,0,0,0,0,0,0,0,0.6026862,-0.229624,0.7178067,-0.2622893,0.6838912,0.03045018,0.7271318,0.05142734,0,0,0,0,-0.003231439,0.9966779,0.0801802,0.01392298,0,0,0,0,0,0,0,0,0,0,0,0,0,0,0,0
-0.001697325,0.9955947,0.08995427,0.02639149,-0.002223876,0.9957321,0.08994279,0.02056296,-0.005307732,0.9982067,0.0577391,0.01488175,0,0,0,0,0.8167037,-0.5696706,-0.01838576,-0.09018002,0.7777678,0.002852801,-0.6108691,-0.1480139,0.5293603,-0.2695928,0.7927106,-0.1367751,0.4979317,-0.3340243,0.7699882,-0.2181972,0.7898842,0.6077461,0.04366076,-0.06943718,0.6494791,0.02332222,0.7561548,-0.07656845,0.9790617,0.08504292,-0.1807312,-0.03926859,0.983438,-0.03851784,-0.1716909,0.043455,0,0,0,0,0.7237583,0.02573157,-0.6877407,-0.05024625,-0.6250836,-0.08651228,0.7757291,0.005519783,0,0,0,0,0,0,0,0,0.5976591,-0.2491784,0.7066724,-0.2851805,0.6944773,0.0397244,0.7156542,0.06294671,0,0,0,0,-0.003642038,0.9969069,0.07711801,0.0147054,0,0,0,0,0,0,0,0,0,0,0,0,0,0,0,0
-0.00261622,0.9956778,0.08717016,0.03193989,-0.003190146,0.9958665,0.08715104,0.02538303,-0.006348838,0.9982979,0.05477661,0.01898681,0,0,0,0,0.8180094,-0.5679838,-0.01375753,-0.089809,0.7914729,-0.004321852,-0.5889654,-0.1633151,0.7707625,-0.213035,0.5430737,-0.2561486,0.7444979,-0.2373836,0.5329543,-0.3245482,0.7903028,0.6076505,0.04554208,-0.0640966,0.6802413,0.03836181,0.7289431,-0.06664935,0.9619388,0.08777726,-0.2570479,-0.0299215,0.9485909,-0.07059833,-0.19647,0.2378878,0,0,0,0,0.7275521,0.03093512,-0.6835202,-0.05011177,-0.6320217,-0.08679534,0.7700391,0.007410684,0,0,0,0,0,0,0,0,0.5901881,-0.2710556,0.6949591,-0.3086076,0.6998531,0.05028821,0.7081491,0.07875043,0,0,0,0,-0.004662428,0.9970533,0.07422809,0.01879194,0,0,0,0,0,0,0,0,0,0,0,0,0,0,0,0
-0.005791596,0.9956784,0.08490519,0.03717794,-0.00649079,0.9959508,0.0848546,0.02897497,-0.01026641,0.9983933,0.05160332,0.02103586,0,0,0,0,0.8217329,-0.5627074,-0.01005498,-0.08952259,0.7854447,-0.00043971,-0.5953197,-0.1693245,0.7919391,-0.2097283,0.4983471,-0.2837193,0.7530143,-0.2372985,0.4848476,-0.3762733,0.7887362,0.6100249,0.04487648,-0.06124458,0.6562098,0.04625183,0.7504823,-0.06344905,0.9593059,0.08533741,-0.2691243,-0.004665337,0.9515166,-0.08205902,-0.2226937,0.1956784,0,0,0,0,0.7308783,0.03768297,-0.6794816,-0.05197694,-0.6387969,-0.08612715,0.7644763,0.009832074,0,0,0,0,0,0,0,0,0.5867294,-0.2770422,0.6928512,-0.3145685,0.6854885,0.06946129,0.7173482,0.103403,0,0,0,0,-0.00849146,0.9971949,0.07140828,0.02076582,0,0,0,0,0,0,0,0,0,0,0,0,0,0,0,0
-0.007751076,0.9959182,0.08428761,0.03134621,-0.008132553,0.9960498,0.08425163,0.02683752,-0.01100511,0.9984103,0.05040328,0.02269883,0,0,0,0,0.8232551,-0.5605968,-0.008590957,-0.08892965,0.7886478,-0.003480403,-0.5905241,-0.1711836,0.8147388,-0.1931538,0.4441294,-0.3188122,0.7719718,-0.2437065,0.4184197,-0.4118152,0.785503,0.6143711,0.04625107,-0.05825835,0.7091547,0.05630429,0.7003708,-0.05839572,0.9551133,0.08379883,-0.2841367,0.001645604,0.9429449,-0.1415922,-0.2355575,0.187934,0,0,0,0,0.7266756,0.04192141,-0.6836191,-0.05338601,-0.6523051,-0.08245944,0.7533715,0.01139529,0,0,0,0,0,0,0,0,0.5825593,-0.2817915,0.6946737,-0.3140805,0.6699828,0.07805538,0.7284673,0.1198576,0,0,0,0,-0.009554481,0.9972242,0.07035457,0.02242388,0,0,0,0,0,0,0,0,0,0,0,0,0,0,0,0
-0.008961406,0.9959486,0.08394489,0.03097372,-0.009246328,0.996048,0.08391398,0.02759252,-0.01190757,0.9983919,0.04964258,0.02464454,0,0,0,0,0.8251107,-0.5580727,-0.007871229,-0.08766541,0.7951821,-0.00966712,-0.5811335,-0.1728459,0.7945603,-0.2023659,0.4689341,-0.3283639,0.7616189,-0.2583479,0.4413626,-0.397985,0.7836178,0.6169191,0.04888508,-0.05444457,0.7602214,0.06677324,0.6441233,-0.05205585,0.9695929,0.082945,-0.2302336,0.00151675,0.9643946,-0.1162419,-0.2022594,0.1245872,0,0,0,0,0.7263413,0.04403137,-0.6838297,-0.05353817,-0.662572,-0.08051116,0.7445192,0.01440286,0,0,0,0,0,0,0,0,0.5822144,-0.2828711,0.6947988,-0.3134725,0.6597188,0.0910991,0.7336131,0.135218,0,0,0,0,-0.01057224,0.9972128,0.06972609,0.02435383,0,0,0,0,0,0,0,0,0,0,0,0,0,0,0,0
-0.010259,0.9957269,0.08596636,0.03213001,-0.01082873,0.9959181,0.08589646,0.02552771,-0.01342731,0.9983644,0.05210991,0.01930895,0,0,0,0,0.827306,-0.5554164,-0.01592068,-0.08260748,0.7930444,-0.001131232,-0.5832207,-0.1758774,0.682081,-0.266441,0.6179128,-0.2862839,0.6523543,-0.3255908,0.5896877,-0.347409,0.7832508,0.6172554,0.0486436,-0.05610423,0.794351,0.07332227,0.6010073,-0.04919916,0.9157166,0.08235262,-0.3930511,0.01385458,0.9132413,-0.1049443,-0.3830346,0.09089252,0,0,0,0,0.7272885,0.04406708,-0.6829901,-0.05132305,-0.6713089,-0.07871464,0.7368241,0.01545219,0,0,0,0,0,0,0,0,0.5842648,-0.2785707,0.6981685,-0.3059309,0.6443777,0.1004424,0.7442622,0.1440925,0,0,0,0,-0.01240001,0.9971468,0.0719966,0.0190005,0,0,0,0,0,0,0,0,0,0,0,0,0,0,0,0
-0.01110987,0.9955909,0.08788575,0.03084668,-0.0116658,0.9957661,0.08781368,0.02454575,-0.01453078,0.9981906,0.05527764,0.01867482,0,0,0,0,0.8286709,-0.5526877,-0.01621145,-0.08705228,0.7896643,-0.006731593,-0.5891315,-0.1711988,0.7784963,-0.2151274,0.4840402,-0.3367029,0.7706934,-0.2359771,0.4747966,-0.3534327,0.7821892,0.6181947,0.04789181,-0.06100548,0.8295023,0.07793368,0.5511419,-0.04576964,0.9600472,0.08159915,-0.2676678,-0.002224182,0.9622553,-0.03860319,-0.2689067,0.01623853,0,0,0,0,0.7265033,0.04379098,-0.6839368,-0.0500563,-0.6815842,-0.07820801,0.7273324,0.0177203,0,0,0,0,0,0,0,0,0.6025161,-0.2513255,0.707244,-0.271322,0.6369404,0.1004015,0.7522965,0.1351905,0,0,0,0,-0.01350053,0.9969441,0.07472312,0.01834726,0,0,0,0,0,0,0,0,0,0,0,0,0,0,0,0
-0.01150394,0.9955693,0.08987705,0.02512877,-0.012077,0.9957094,0.08980183,0.01877789,-0.01422542,0.9981556,0.05761289,0.01279978,0,0,0,0,0.8303829,-0.5504638,-0.02358797,-0.08305034,0.7882697,-0.007692375,-0.5902942,-0.173564,0.8707369,-0.1372326,0.295368,-0.3684322,0.8802659,-0.1319568,0.2971125,-0.3456059,0.7834824,0.6163538,0.04613565,-0.06430261,0.8670292,0.08370657,0.4892184,-0.04380669,0.8951538,0.07979189,-0.4385498,0.002663071,0.8948586,0.01277717,-0.4454082,-0.02600547,0,0,0,0,0.7224803,0.04611007,-0.6879795,-0.05079541,0.7072689,0.07758389,-0.7023517,-0.0212973,0,0,0,0,0,0,0,0,0.6074089,-0.2168794,0.7264849,-0.2371445,0.6318651,0.09724759,0.7572036,0.1339102,0,0,0,0,-0.013561,0.9968692,0.07688766,0.01249616,0,0,0,0,0,0,0,0,0,0,0,0,0,0,0,0
-0.01195978,0.9955305,0.09130728,0.0209478,-0.01253732,0.9956432,0.09122977,0.01464785,-0.01466663,0.9980322,0.0603397,0.008712471,0,0,0,0,0.8292851,-0.5519843,-0.02830476,-0.08245245,0.7801479,-0.004364774,-0.6035602,-0.1645156,0.678359,-0.2729503,0.6271284,-0.2683973,0.6853169,-0.2475408,0.6370689,-0.2514109,0.7849245,0.6141625,0.04404267,-0.06897979,0.7905058,0.07633244,0.6050656,-0.05629897,0.9205807,0.09419196,-0.37842,-0.02138481,0.9202839,0.03683377,-0.3860701,-0.05167766,0,0,0,0,0.7194839,0.04649883,-0.6910024,-0.05192789,0.7052252,0.07873559,-0.7042843,-0.02101772,0,0,0,0,0,0,0,0,0.6049904,-0.189502,0.7454903,-0.2057177,0.6220366,0.0777832,0.7699675,0.1190392,0,0,0,0,-0.01399552,0.996727,0.07917558,0.008407876,0,0,0,0,0,0,0,0,0,0,0,0,0,0,0,0
-0.0122645,0.9953405,0.09435106,0.01564813,-0.01278875,0.9954121,0.09428143,0.01011539,-0.01327341,0.997689,0.06646481,0.004778889,0,0,0,0,0.8293705,-0.5509468,-0.0321151,-0.08701056,0.7956263,-0.00856214,-0.584787,-0.1578919,0.7844052,-0.2019612,0.5205081,-0.2701691,0.7796741,-0.2173813,0.515099,-0.2820047,0.789367,0.6074892,0.04134515,-0.07840402,0.7762169,0.07371633,0.6227863,-0.06473389,0.8773429,0.1104108,-0.4652451,-0.04032263,0.8636702,0.09252736,-0.4740112,-0.1443118,0,0,0,0,0.7155433,0.04724546,-0.6948021,-0.05491683,0.7038082,0.07712896,-0.705936,-0.0189621,0,0,0,0,0,0,0,0,0.597045,-0.1589833,0.767998,-0.1686434,0.6220883,0.05906869,0.7727203,0.1114468,0,0,0,0,-0.01299096,0.996371,0.0839968,0.004534139,0,0,0,0,0,0,0,0,0,0,0,0,0,0,0,0
-0.01421232,0.9951203,0.0973425,0.007613173,-0.0144844,0.9951378,0.09730239,0.004831172,-0.0141428,0.9975673,0.06822105,0.002320463,0,0,0,0,0.830154,-0.5497277,-0.03639387,-0.08555275,0.8077159,-0.01522516,-0.5682958,-0.1562151,0.8636499,-0.1492148,0.3970642,-0.2723669,0.8603483,-0.1629899,0.3926811,-0.2811345,0.78915,0.6075348,0.04175036,-0.08000377,0.7759016,0.06492206,0.6224202,-0.0797185,0.8988082,0.1167668,-0.4186824,-0.05669498,0.879467,0.09527278,-0.429904,-0.180675,0,0,0,0,0.709224,0.05090896,-0.7004811,-0.0611214,0.7523126,0.06896153,-0.6547481,-0.02397875,0,0,0,0,0,0,0,0,0.6876616,-0.09872478,0.7076078,-0.1290973,0.6572176,0.01261908,0.7500308,0.07321069,0,0,0,0,-0.01392149,0.9961874,0.08609671,0.002061092,0,0,0,0,0,0,0,0,0,0,0,0,0,0,0,0
-0.01471354,0.9949494,0.0992875,0.001098702,-0.01498535,0.9949487,0.09924683,-0.001625632,-0.01420115,0.9974765,0.06944145,-0.004108331,0,0,0,0,0.8315432,-0.5479657,-0.04482168,-0.07912324,0.8264139,-0.02447409,-0.5417997,-0.1513079,0.6914626,-0.203793,0.6736909,-0.1627528,0.6831901,-0.2219634,0.6691664,-0.1902621,0.7912591,0.6046824,0.03991763,-0.08169922,0.7882833,0.06107549,0.6052578,-0.0924231,0.8629225,0.1329389,-0.480376,-0.0832518,0.8513618,0.1113787,-0.4885634,-0.1551892,0,0,0,0,0.704322,0.06380036,-0.7042687,-0.06217478,-0.6321381,-0.0568721,0.7727603,0.002906526,0,0,0,0,0,0,0,0,0.7025641,-0.0605309,0.7042091,-0.08263943,0.4397146,-0.01740304,0.8969875,0.04197181,0,0,0,0,-0.01417003,0.9960505,0.08754154,-0.004355467,0,0,0,0,0,0,0,0,0,0,0,0,0,0,0,0
-0.01190474,0.9945858,0.102896,-0.008353861,-0.01183377,0.9945913,0.1029042,-0.007667899,-0.01057295,0.9972698,0.07277051,-0.006755313,0,0,0,0,0.8261248,-0.5556836,-0.05034458,-0.07873236,0.8426368,-0.02688246,-0.5191209,-0.1405489,0.6463495,-0.1859434,0.7309313,-0.1157445,0.64459,-0.1800291,0.732433,-0.1250405,0.7876083,0.6089474,0.04176775,-0.08433016,0.7627942,0.03754543,0.6366282,-0.1069581,0.880782,0.141786,-0.4360955,-0.1180696,0.8674143,0.1094008,-0.4476585,-0.1876854,0,0,0,0,-0.6968629,-0.06955453,0.7103583,0.0702526,-0.6639442,-0.05309833,0.745891,0.002307083,0,0,0,0,0,0,0,0,0.7113534,-0.04490402,0.6994452,-0.05231119,0.4687636,-0.04025225,0.8821099,0.02286129,0,0,0,0,-0.01071172,0.9957526,0.09118107,-0.006929981,0,0,0,0,0,0,0,0,0,0,0,0,0,0,0,0
-0.0104741,0.9943518,0.104044,-0.01815474,-0.01012934,0.9944065,0.1040782,-0.01486032,-0.009334973,0.9972861,0.07215808,-0.0112434,0,0,0,0,0.822781,-0.5603036,-0.05098646,-0.08056999,0.8451707,-0.03044413,-0.5176886,-0.1294534,0.8999586,-0.1142081,0.3910205,-0.1553511,0.9080623,-0.08620363,0.3933783,-0.1150882,0.7911161,0.6037155,0.0343235,-0.09211311,0.8001966,0.03391863,0.5868036,-0.1191485,0.9206935,0.1189649,-0.3291998,-0.1726225,0.9101565,0.09563259,-0.337399,-0.2205254,0,0,0,0,-0.6884999,-0.08894195,0.7151916,0.08098258,-0.7023377,-0.03310016,0.7110525,0.005519495,0,0,0,0,0,0,0,0,0.7190707,-0.03226094,0.6935186,-0.03047262,0.7138114,-0.06085975,0.697585,-0.01202068,0,0,0,0,-0.009408555,0.9957325,0.09109519,-0.01139869,0,0,0,0,0,0,0,0,0,0,0,0,0,0,0,0
-0.008420076,0.9946715,0.1015544,-0.01563447,-0.008293521,0.9946902,0.1015648,-0.01439498,-0.007008443,0.9975145,0.06889733,-0.01299346,0,0,0,0,0.8190146,-0.5660572,-0.04874185,-0.08011548,0.8933922,-0.05309851,-0.4316094,-0.1128903,0.5507592,-0.1429435,0.8212796,-0.04160744,0.5543131,-0.0745695,0.8286647,-0.02216379,0.7923229,0.6021079,0.02890828,-0.09409926,0.7890376,0.0198621,0.5996892,-0.1319012,-0.4281398,-0.234136,0.8708705,0.05883241,-0.4155164,-0.2525308,0.8674317,0.1055294,0,0,0,0,-0.6844359,-0.1240616,0.7083897,0.1197512,-0.6897999,-0.009026971,0.7237294,-0.0176179,0,0,0,0,0,0,0,0,0.7174685,-0.02532699,0.6956965,-0.02457299,0.712963,-0.07338317,0.6971797,-0.01546446,0,0,0,0,-0.007568869,0.9959962,0.08810871,-0.01308292,0,0,0,0,0,0,0,0,0,0,0,0,0,0,0,0
-0.007975591,0.9951569,0.09747029,-0.009933457,-0.008200141,0.9951314,0.09745166,-0.01222626,-0.00739308,0.997757,0.06494677,-0.01442767,0,0,0,0,0.8147246,-0.5729594,-0.04848658,-0.07476765,0.899706,-0.0558787,-0.4216247,-0.09817933,0.5072651,-0.1238802,0.8527182,-0.01440392,0.5098327,-0.01207379,0.8601118,-0.01151,0.7955655,0.5983716,0.02555498,-0.09150945,0.7921994,0.008156864,0.5934329,-0.1420951,-0.4020313,-0.2486363,0.8787417,0.06605875,-0.3778692,-0.3090501,0.8625373,0.1331632,0,0,0,0,-0.6621783,-0.1520071,0.7150732,0.1645722,-0.6880571,0.004630023,0.7245371,-0.04002472,0,0,0,0,0,0,0,0,0.7136011,-0.03137747,0.6994596,-0.02334954,0.7125476,-0.07924074,0.6969364,-0.01662756,0,0,0,0,-0.007956535,0.9963216,0.08407667,-0.01452531,0,0,0,0,0,0,0,0,0,0,0,0,0,0,0,0
-0.005158489,0.9955804,0.09364052,-0.004940842,-0.005582225,0.9955479,0.09361622,-0.009446483,-0.003700905,0.9980047,0.06143654,-0.01409165,0,0,0,0,0.81247,-0.5764783,-0.04449681,-0.0747362,0.9899524,-0.08276896,-0.1006697,-0.05485527,0.0169994,-0.05758533,0.9976048,0.03434635,0.01630766,-0.07129711,0.9968256,0.03145656,0.8004965,0.5919231,0.02192663,-0.09138763,0.7668794,-0.00597781,0.623698,-0.1511983,-0.6302077,-0.249871,0.7184935,0.1554664,-0.607237,-0.2579692,0.7122804,0.2395244,0,0,0,0,-0.6565369,-0.1633166,0.7138346,0.1809067,0.7267448,-0.006412162,-0.6861473,0.03166546,0,0,0,0,0,0,0,0,0.7101101,-0.03577521,0.7027203,-0.02545685,0.7113506,-0.08298936,0.6977018,-0.01747459,0,0,0,0,-0.004971542,0.9966223,0.08074995,-0.01409517,0,0,0,0,0,0,0,0,0,0,0,0,0,0,0,0
-0.003717088,0.9957806,0.09165388,-0.002593771,-0.004241988,0.9957494,0.09163109,-0.008297203,-0.003209531,0.9981637,0.05881086,-0.01415084,0,0,0,0,0.8115153,-0.5780929,-0.04215597,-0.07398803,0.9954033,-0.08972991,0.02175606,-0.02544485,0.5618263,-0.04902058,0.8253806,0.02636367,0.560129,-0.06236045,0.8241165,-0.0565566,0.8046896,0.5863438,0.01911796,-0.09115956,0.7596247,-0.01468861,0.6305863,-0.1584785,0.8111905,0.2037854,-0.4859872,-0.2534917,0.7846946,0.1858177,-0.4945602,-0.3242474,0,0,0,0,-0.6420165,-0.1824111,0.718859,0.1943783,0.7178777,-0.01837996,-0.6948019,0.0395487,0,0,0,0,0,0,0,0,0.7084495,-0.03984849,0.704138,-0.02647419,0.7105814,-0.08552137,0.698171,-0.01781962,0,0,0,0,-0.004092652,0.9968246,0.07825167,-0.01416436,0,0,0,0,0,0,0,0,0,0,0,0,0,0,0,0
-0.005571744,0.9959321,0.08983507,-0.004216063,-0.005963142,0.9959043,0.08980994,-0.008555728,-0.005141396,0.9982828,0.05690167,-0.01292672,0,0,0,0,0.8124504,-0.5771711,-0.04118201,-0.07142613,0.9265517,-0.08291643,-0.3646126,-0.04104335,0.8497105,-0.06801139,0.5227291,-0.01098715,0.8503817,0.02647386,0.5251577,0.01896183,0.8073245,0.5832586,0.01969725,-0.08745577,0.7655407,-0.01930792,0.6212754,-0.1661071,-0.4969333,-0.3060225,0.7987897,0.1460907,-0.4713221,-0.3511607,0.7819776,0.2074912,0,0,0,0,-0.6387256,-0.1965574,0.7138968,0.2091555,-0.6780223,0.02986068,0.7330902,-0.04441691,0,0,0,0,0,0,0,0,0.709669,-0.04563284,0.7025967,-0.02540729,0.7100438,-0.08542815,0.6987062,-0.01869604,0,0,0,0,-0.005868512,0.9969893,0.07621953,-0.01298509,0,0,0,0,0,0,0,0,0,0,0,0,0,0,0,0
-0.003146237,0.9959308,0.08970823,-0.008025652,-0.003544423,0.9958854,0.08969338,-0.01244653,-0.000363119,0.9982746,0.05615074,-0.01716653,0,0,0,0,0.8057126,-0.5869225,-0.04740074,-0.06405059,0.9878522,-0.09434323,-0.1223561,-0.01662919,0.5245135,-0.04121635,0.8495995,0.03698021,0.5293173,0.0295759,0.8478885,-0.005809186,0.8101254,0.5796323,0.01903594,-0.08579492,0.7751229,-0.02337249,0.6068993,-0.1741017,0.882009,0.1442107,-0.3164565,-0.3179917,0.8462779,0.1542977,-0.312399,-0.4030049,0,0,0,0,-0.6322106,-0.2065355,0.7158524,0.2126223,-0.66575,0.04590246,0.7412686,-0.07204559,0,0,0,0,0,0,0,0,0.7123321,-0.04539258,0.6999154,-0.02531574,0.7118725,-0.08200662,0.6972463,-0.01897799,0,0,0,0,-0.001907344,0.9969657,0.07591514,-0.01710326,0,0,0,0,0,0,0,0,0,0,0,0,0,0,0,0
-0.000978773,0.9958861,0.09025657,-0.007985686,-0.001521119,0.99582,0.09024905,-0.01396996,0.001812169,0.9981832,0.05666811,-0.02039211,0,0,0,0,0.8015719,-0.5925229,-0.05068101,-0.06189103,0.9748833,-0.096967,-0.1994631,-0.02035835,0.9570183,-0.06065446,0.2836124,-0.000953188,0.958594,0.0303091,0.2808652,0.03596911,0.811663,0.5772153,0.01700493,-0.08795709,0.7769951,-0.02577342,0.6037283,-0.1764274,0.8855985,0.1368159,-0.2996922,-0.3273852,0.8423475,0.1464665,-0.2950252,-0.4265656,0,0,0,0,-0.6356781,-0.2136624,0.708644,0.219284,-0.6606053,0.05923513,0.7439044,-0.08184287,0,0,0,0,0,0,0,0,0.7122992,-0.04493507,0.6999908,-0.02497112,0.7129829,-0.08397944,0.695848,-0.01996375,0,0,0,0,0.00033321,0.9968627,0.07650583,-0.02028529,0,0,0,0,0,0,0,0,0,0,0,0,0,0,0,0
0.001189624,0.9958081,0.0911496,-0.007520855,0.000508256,0.9957241,0.09115593,-0.01496422,0.003648414,0.9980758,0.05748458,-0.02295445,0,0,0,0,0.7989677,-0.5959684,-0.0542759,-0.05938383,0.9592957,-0.09805444,-0.2638167,-0.02318901,0.9297426,-0.06497642,0.3624024,0.004602367,0.9290465,0.03304849,0.3683414,-0.01025018,0.8136711,0.5742652,0.01633377,-0.08883695,0.7769095,-0.02983525,0.6030362,-0.1785178,0.8884392,0.1283149,-0.279042,-0.3410962,0.8516473,0.1311858,-0.2777435,-0.4246714,0,0,0,0,-0.6375334,-0.2154278,0.7059792,0.2207611,-0.6528474,0.06584428,0.7497665,-0.08546928,0,0,0,0,0,0,0,0,0.7119483,-0.04537809,0.7003079,-0.02528558,0.7137245,-0.08516402,0.6949405,-0.02005011,0,0,0,0,0.002323486,0.9967397,0.07735663,-0.02281378,0,0,0,0,0,0,0,0,0,0,0,0,0,0,0,0
0.002450198,0.9957735,0.09144421,-0.008192247,0.001713513,0.9956751,0.09146097,-0.01621318,0.00470887,0.998009,0.05778834,-0.02482539,0,0,0,0,0.7967033,-0.5990015,-0.05802094,-0.05562894,0.9416313,-0.09669112,-0.3212962,-0.02738893,0.8983729,-0.0631943,0.4346619,-0.001320734,0.8967612,0.03295954,0.44111,-0.01244403,0.8130478,0.5753425,0.01708658,-0.08742082,0.7804037,-0.03229447,0.5979057,-0.1800997,0.879443,0.1345832,-0.3046549,-0.3400774,0.8500957,0.1294301,-0.3070156,-0.4078315,0,0,0,0,-0.6387491,-0.2157331,0.7045623,0.2214741,-0.6460899,0.06932949,0.7552223,-0.08602585,0,0,0,0,0,0,0,0,0.7123706,-0.04689096,0.6997426,-0.02626043,0.7145919,-0.08433331,0.6941536,-0.01992202,0,0,0,0,0.003430635,0.9966665,0.07769068,-0.02466336,0,0,0,0,0,0,0,0,0,0,0,0,0,0,0,0
0.003276083,0.9956666,0.09254227,-0.008556938,0.00251455,0.9955625,0.09256608,-0.01674882,0.00558566,0.9978986,0.05926764,-0.02558275,0,0,0,0,0.796486,-0.5990703,-0.05843164,-0.05753776,0.920871,-0.09446809,-0.3766834,-0.03438409,0.9362395,-0.06614913,0.3446081,-0.0180302,0.9328986,-0.03459138,0.3503719,-0.07578346,0.8135822,0.574168,0.01633891,-0.09026729,0.7805535,-0.03362598,0.5976064,-0.1802006,0.8627477,0.1508445,-0.3486184,-0.3337329,0.8436385,0.1306043,-0.3577326,-0.3784758,0,0,0,0,-0.6458095,-0.2100063,0.7006546,0.2188845,-0.6492247,0.07531185,0.7521788,-0.0840374,0,0,0,0,0,0,0,0,0.7125838,-0.04768779,0.6994384,-0.02713368,0.7150075,-0.08348026,0.6938467,-0.01928641,0,0,0,0,0.004375418,0.9965383,0.07903841,-0.02540371,0,0,0,0,0,0,0,0,0,0,0,0,0,0,0,0
0.003968368,0.995533,0.09396278,-0.008324675,0.003205516,0.9954326,0.0939919,-0.01640541,0.0061277,0.9977031,0.06259821,-0.02514725,0,0,0,0,0.7963012,-0.5989543,-0.05916794,-0.060474,0.8925651,-0.09073792,-0.4396003,-0.04296168,0.8993837,-0.07528028,0.4300173,-0.02295608,0.8933052,-0.06130458,0.4347133,-0.09629037,0.81517,0.57147,0.01763614,-0.09278422,0.786712,-0.02899925,0.589768,-0.1800473,0.7906315,0.2024751,-0.4953881,-0.2974834,0.7875303,0.1622887,-0.5115963,-0.3028657,0,0,0,0,-0.6432561,-0.192526,0.7132115,0.2012081,-0.6410373,0.07751172,0.7581503,-0.09094597,0,0,0,0,0,0,0,0,0.7123061,-0.05048654,0.6994315,-0.02943915,0.7151964,-0.07957357,0.6941868,-0.01633168,0,0,0,0,0.005105129,0.9963319,0.08169083,-0.02496457,0,0,0,0,0,0,0,0,0,0,0,0,0,0,0,0
0.004636482,0.9954275,0.09516274,-0.006827995,0.003883795,0.9953424,0.09519643,-0.01469958,0.007330576,0.9975048,0.06624204,-0.02329127,0,0,0,0,0.7963463,-0.5985386,-0.059834,-0.06327787,0.8445704,-0.08402211,-0.526001,-0.05444487,0.4559819,-0.1000315,0.8842044,0.01602193,0.4502552,-0.1194651,0.884145,-0.03586153,0.8149897,0.5715389,0.02144062,-0.09314154,0.8034574,-0.02390426,0.5664811,-0.1816148,-0.523262,-0.2848251,0.7838111,0.1752475,-0.5135891,-0.2673671,0.7890813,0.2051627,0,0,0,0,-0.6410607,-0.1718727,0.7261194,0.1795874,-0.6520386,0.06748199,0.7499524,-0.08867431,0,0,0,0,0,0,0,0,0.7110695,-0.05535717,0.7001767,-0.03268528,0.7151918,-0.0720817,0.6950974,-0.01201156,0,0,0,0,0.006200071,0.9961292,0.08458965,-0.02308311,0,0,0,0,0,0,0,0,0,0,0,0,0,0,0,0
0.005727618,0.9952711,0.09685718,-0.004630668,0.004901919,0.9951954,0.09690248,-0.01311297,0.007063264,0.9973911,0.06830987,-0.02224534,0,0,0,0,0.7963281,-0.5983204,-0.05962695,-0.06571798,0.8179849,-0.07646187,-0.5661035,-0.06768384,0.853266,-0.111074,0.5049801,-0.06778526,0.8415667,-0.1022654,0.5095779,-0.1470974,0.8147568,0.5716202,0.02290144,-0.09432464,0.8080342,-0.02292092,0.5610587,-0.1782376,0.7169541,0.2183337,-0.6208099,-0.230005,0.7239673,0.1621364,-0.6388442,-0.2036201,0,0,0,0,-0.6664916,-0.1434026,0.7165315,0.1476724,0.7607979,-0.04163225,-0.6429775,0.07767437,0,0,0,0,0,0,0,0,0.7090563,-0.06676663,0.7008741,-0.0394573,0.7161493,-0.05735255,0.6955808,-0.002897737,0,0,0,0,0.006127246,0.9960102,0.08625485,-0.02205219,0,0,0,0,0,0,0,0,0,0,0,0,0,0,0,0
0.005713462,0.9950545,0.09908008,-0.004125042,0.005060929,0.9950058,0.09911556,-0.01067706,0.005273134,0.9972224,0.07217181,-0.01762863,0,0,0,0,0.7977502,-0.5960276,-0.05853008,-0.07014234,0.8078697,-0.06551219,-0.5798804,-0.08242279,0.6449216,-0.1591531,0.7442274,-0.069799,0.6476338,-0.07974135,0.7550725,-0.06385384,0.813561,0.573256,0.02919476,-0.09297219,0.8246181,-0.02041309,0.5371057,-0.1763684,-0.5092141,-0.2465702,0.8141317,0.1307427,-0.5073512,-0.2049364,0.8252716,0.1397235,0,0,0,0,-0.6817137,-0.1222749,0.7095026,0.130082,0.7327895,-0.02753384,-0.67644,0.06848543,0,0,0,0,0,0,0,0,0.7082911,-0.07269824,0.7007049,-0.04529079,0.7148317,-0.04911053,0.6975641,0.002852052,0,0,0,0,0.004919117,0.9958261,0.08944117,-0.01750149,0,0,0,0,0,0,0,0,0,0,0,0,0,0,0,0
0.008966402,0.9945854,0.1034563,-0.004033398,0.008365087,0.9945452,0.1035066,-0.009812656,0.006424822,0.9969575,0.07605147,-0.01583368,0,0,0,0,0.7985733,-0.5942851,-0.0577432,-0.0759709,0.8199903,-0.06164457,-0.5607156,-0.09702486,0.8692579,-0.1271272,0.4606474,-0.126623,0.8583658,-0.07861233,0.474085,-0.1796432,0.8122715,0.5744062,0.03173041,-0.09625884,0.8218207,-0.01864306,0.5447862,-0.1657442,-0.4139694,-0.244603,0.8722373,0.08944747,-0.415636,-0.1975484,0.8837475,0.08492096,0,0,0,0,-0.6976337,-0.09695951,0.702095,0.1047313,0.7334661,-0.007747746,-0.6776317,0.05275185,0,0,0,0,0,0,0,0,0.7068939,-0.07664926,0.7006459,-0.05934061,0.675281,-0.03482535,0.7364984,0.01878256,0,0,0,0,0.006152381,0.9955253,0.09297996,-0.01569368,0,0,0,0,0,0,0,0,0,0,0,0,0,0,0,0
0.007786646,0.9942575,0.1066975,-0.002656475,0.007130857,0.9942224,0.1067433,-0.008766007,0.004599475,0.9966795,0.0798931,-0.01503005,0,0,0,0,0.7999585,-0.5917186,-0.05854439,-0.08067314,0.8371968,-0.05575916,-0.5321671,-0.1130959,0.7622485,-0.154412,0.6173897,-0.1181699,0.7407353,-0.159019,0.6168266,-0.2134227,0.8114168,0.5748644,0.03372552,-0.09998131,0.8186558,-0.0141645,0.5525245,-0.1559448,0.7993869,0.1592545,-0.5546345,-0.1673295,0.8078843,0.1019193,-0.5655254,-0.1308298,0,0,0,0,-0.7003418,-0.08402053,0.703203,0.08926102,0.7135487,0.003002645,-0.69936,0.0416516,0,0,0,0,0,0,0,0,0.7043602,-0.08942865,0.7002432,-0.07442246,0.7670424,-0.02406916,0.640519,0.02832312,0,0,0,0,0.004491323,0.9951757,0.09686217,-0.014929,0,0,0,0,0,0,0,0,0,0,0,0,0,0,0,0
0.006592711,0.9939105,0.1099638,-0.002526911,0.006041441,0.9938854,0.1099954,-0.007508798,0.004816861,0.9966126,0.08110579,-0.01272835,0,0,0,0,0.8034719,-0.586253,-0.05489043,-0.08790483,0.835803,-0.04211301,-0.5320536,-0.1287582,0.6366625,-0.1878743,0.73993,-0.1089389,0.6221107,-0.1699215,0.7380716,-0.1983819,0.8085051,0.5782674,0.03455967,-0.1035957,0.7927384,-0.01459481,0.5931892,-0.1395683,0.8681374,0.134075,-0.4500381,-0.1607084,0.8802313,0.07276443,-0.4571652,-0.1043945,0,0,0,0,-0.7023337,-0.06323534,0.7057027,0.06864613,-0.7012752,-0.02421603,0.7119246,-0.02810704,0,0,0,0,0,0,0,0,0.7000063,-0.1229796,0.6955618,-0.1051705,0.753476,0.004706118,0.6557148,0.04785171,0,0,0,0,0.004578437,0.9950035,0.09893366,-0.01261348,0,0,0,0,0,0,0,0,0,0,0,0,0,0,0,0
0.006757449,0.9937248,0.1116469,-0.000661005,0.006495633,0.9937205,0.1116625,-0.002991165,0.006338446,0.9967095,0.08061423,-0.005598652,0,0,0,0,0.8065724,-0.5814254,-0.04647661,-0.09604956,0.8336256,-0.03484375,-0.5343672,-0.1353002,0.5009534,-0.2227798,0.8298863,-0.1034583,0.4834857,-0.2100156,0.8293654,-0.1851705,0.8101625,0.5759067,0.03815969,-0.1025275,0.7973586,-0.003538924,0.5889556,-0.1316735,-0.516645,-0.1742495,0.8371637,0.04326667,-0.5183092,-0.09955337,0.8477458,0.05264687,0,0,0,0,-0.7044966,-0.04676048,0.7058588,0.0571102,-0.7037686,-0.04235736,0.7088393,-0.02150906,0,0,0,0,0,0,0,0,0.6564912,-0.1564906,0.7232643,-0.1463519,0.6931751,0.02301275,0.7163486,0.07631164,0,0,0,0,0.006164271,0.9950432,0.09910159,-0.005466586,0,0,0,0,0,0,0,0,0,0,0,0,0,0,0,0
0.008146675,0.9940829,0.1077769,0.01081638,0.007601732,0.9941248,0.1078167,0.005790916,0.00637569,0.9970092,0.07701807,0.00046615,0,0,0,0,0.8099361,-0.5769616,-0.03837424,-0.09821501,0.8227859,-0.02468691,-0.5489726,-0.1450621,0.5342343,-0.2368842,0.801461,-0.1270428,0.5138637,-0.262841,0.7925578,-0.1967508,0.8076597,0.5802919,0.04053278,-0.09645901,0.7635493,-0.005780662,0.6344228,-0.1202779,-0.6019472,-0.1567079,0.7818237,0.04305587,-0.6041954,-0.07047296,0.7919278,0.05321654,0,0,0,0,0.7129149,0.03530296,-0.6984375,-0.05187733,0.7046959,0.06142882,-0.7066387,0.01708381,0,0,0,0,0,0,0,0,0.6210414,-0.2065156,0.7279724,-0.2042423,0.6920466,0.0402141,0.7150955,0.08995985,0,0,0,0,0.006825801,0.9954185,0.09536742,0.000553832,0,0,0,0,0,0,0,0,0,0,0,0,0,0,0,0
0.007162221,0.9946651,0.1014987,0.0169681,0.006556081,0.9947488,0.1015397,0.01102901,0.003472686,0.9973477,0.07253315,0.004959384,0,0,0,0,0.8107386,-0.5763271,-0.03213751,-0.09755598,0.820952,-0.01741444,-0.5504169,-0.1509164,0.411506,-0.2696793,0.8635132,-0.110819,0.3892199,-0.3522927,0.8356718,-0.1614012,0.8058008,0.5837995,0.04135951,-0.0902924,0.744786,0.000296108,0.6587,-0.1068081,-0.557085,-0.144569,0.8175038,0.02105933,-0.5587122,-0.0493696,0.8247952,0.07152732,0,0,0,0,0.7173769,0.02683009,-0.6944637,-0.04869125,0.7643404,0.0632268,-0.6416792,0.005821999,0,0,0,0,0,0,0,0,0.6252227,-0.2258101,0.7095156,-0.2338671,0.677667,0.03740282,0.731522,0.06514574,0,0,0,0,0.005317583,0.9958383,0.09084913,0.004918309,0,0,0,0,0,0,0,0,0,0,0,0,0,0,0,0
0.005576703,0.9951884,0.09644659,0.01634321,0.005150257,0.9952509,0.09647032,0.01194331,0.003122235,0.9976599,0.06789701,0.007403835,0,0,0,0,0.8117238,-0.5750979,-0.02459967,-0.09880135,0.8132809,-0.009352366,-0.5600712,-0.1575025,0.0456534,-0.3174699,0.9471578,-0.004546298,0.04141156,-0.4157172,0.9084867,-0.01078355,0.8052079,0.5851495,0.03774741,-0.08840439,0.726,0.01191858,0.6819786,-0.0876762,-0.5823891,-0.1456152,0.7992583,0.02837863,-0.5846115,0.02713369,0.8098608,0.0402326,0,0,0,0,0.7172376,0.02371594,-0.695058,-0.04361374,-0.6984971,-0.06663653,0.7124807,-0.005713294,0,0,0,0,0,0,0,0,0.6124414,-0.2588574,0.6955426,-0.2722661,0.651041,0.02786801,0.7568944,0.04979851,0,0,0,0,0.004764502,0.9962818,0.08570671,0.00737024,0,0,0,0,0,0,0,0,0,0,0,0,0,0,0,0
0.005757899,0.9955859,0.09092569,0.02254051,0.005215381,0.9957026,0.09095842,0.01660097,0.002495553,0.9979468,0.06312955,0.01051746,0,0,0,0,0.8141527,-0.5721116,-0.01875225,-0.09742729,0.8121922,-0.009237505,-0.5604314,-0.161787,-0.3720998,-0.3151798,0.8621519,0.1374687,-0.3541733,-0.4088422,0.8233821,0.1716134,0.8042461,0.5873185,0.03705213,-0.08289979,0.7023398,0.01710314,0.7074198,-0.07735184,0.9567064,0.09476338,-0.2582509,-0.095075,0.96491,-0.03162307,-0.2599537,-0.01930694,0,0,0,0,0.7218631,0.02292044,-0.690632,-0.03762648,-0.6945324,-0.07052114,0.7159938,0.002071719,0,0,0,0,0,0,0,0,0.5983284,-0.2846333,0.6829473,-0.3075223,0.6421465,0.03309933,0.7641857,0.05072225,0,0,0,0,0.004592227,0.9966708,0.08072688,0.01045739,0,0,0,0,0,0,0,0,0,0,0,0,0,0,0,0
0.003685369,0.9959728,0.08711693,0.02086628,0.003369805,0.9960418,0.0871297,0.01725871,0.000669722,0.9981692,0.05892527,0.01362224,0,0,0,0,0.8167003,-0.568562,-0.01282084,-0.09784331,0.8142027,-0.01776181,-0.5558159,-0.1668144,-0.133667,-0.3744613,0.9165529,0.04292618,-0.1313733,-0.4319314,0.8911269,0.04548939,0.802256,0.590603,0.03608955,-0.07918964,0.709492,0.02465187,0.7008679,-0.06926481,0.9811364,0.04754554,0.144174,-0.1196851,0.9884444,-0.01618087,0.1494046,-0.01985187,0,0,0,0,0.7208157,0.02410556,-0.6917858,-0.03572299,-0.6909754,-0.07310068,0.7191377,0.00708176,0,0,0,0,0,0,0,0,0.5834852,-0.3089755,0.6730579,-0.3332751,0.6330773,0.04758725,0.7694274,0.07021416,0,0,0,0,0.003041048,0.9969575,0.07670345,0.01352702,0,0,0,0,0,0,0,0,0,0,0,0,0,0,0,0
0.002625058,0.9959629,0.08582035,0.02618812,0.002159461,0.9960904,0.08583333,0.02078483,0.000208379,0.9983153,0.05597493,0.01527252,0,0,0,0,0.8181753,-0.5661916,-0.008081665,-0.09975442,0.7986288,-0.01537216,-0.5778667,-0.1674085,-0.257466,-0.3981414,0.8740992,0.1055712,-0.2616654,-0.412731,0.8671893,0.09574483,0.8002743,0.5934733,0.03397502,-0.07871559,0.6971583,0.02660109,0.7132955,-0.06687385,0.9709803,0.08203873,-0.2167363,-0.05909416,0.9725967,-0.001743367,-0.2242471,-0.06136617,0,0,0,0,0.7244838,0.02616255,-0.6878452,-0.03615831,-0.6860175,-0.07313486,0.7238635,0.00726641,0,0,0,0,0,0,0,0,0.5803301,-0.3169057,0.6681365,-0.3411469,0.630947,0.05632132,0.7697145,0.07920429,0,0,0,0,0.001933684,0.9971303,0.07413714,0.01519998,0,0,0,0,0,0,0,0,0,0,0,0,0,0,0,0
0.002278697,0.9960748,0.08426643,0.0269991,0.001764532,0.996221,0.08427877,0.02092139,0.000275642,0.9984125,0.05437239,0.0146941,0,0,0,0,0.8183107,-0.5666312,-0.008900622,-0.09600722,0.807152,-0.01913834,-0.5656297,-0.1679359,-0.3081515,-0.3975112,0.8560498,0.1191903,-0.3062451,-0.430209,0.8405792,0.120668,0.798578,0.5961665,0.03392211,-0.07555172,0.6758286,0.02418902,0.7334856,-0.06833301,0.9532368,0.08469038,-0.287232,-0.04080494,0.9547046,-0.009441218,-0.2945829,-0.04087674,0,0,0,0,0.7250111,0.02840433,-0.6871585,-0.03695027,-0.6846061,-0.07241854,0.7252588,0.008351428,0,0,0,0,0,0,0,0,0.5806727,-0.3183571,0.6662278,-0.3429409,0.6255108,0.05975278,0.7737687,0.08029924,0,0,0,0,0.001728184,0.9972697,0.07235903,0.0146357,0,0,0,0,0,0,0,0,0,0,0,0,0,0,0,0
0.000558092,0.9961964,0.08454698,0.02107386,0.000226484,0.9962714,0.08454852,0.01716649,-0.001248965,0.9984713,0.05365103,0.01322992,0,0,0,0,0.8181534,-0.5670845,-0.01037984,-0.09451166,0.8081486,-0.01628527,-0.5647276,-0.1664733,-0.4812666,-0.370165,0.7695564,0.1978469,-0.4705378,-0.4125526,0.7497435,0.2151257,0.7960487,0.5995699,0.03288767,-0.07576884,0.6611639,0.02273308,0.7465465,-0.07080753,0.9493124,0.08159896,-0.3025505,-0.02471401,0.9510757,-0.02090369,-0.3077988,-0.01666845,0,0,0,0,0.7208557,0.03082363,-0.6913576,-0.0379681,-0.6778709,-0.07257184,0.731535,0.008993902,0,0,0,0,0,0,0,0,0.5868189,-0.3158862,0.6617328,-0.3434665,0.6266909,0.07540512,0.7706844,0.08728239,0,0,0,0,7.45E-05,0.9973077,0.07214047,0.01315147,0,0,0,0,0,0,0,0,0,0,0,0,0,0,0,0
-0.000248297,0.9962417,0.08466174,0.0182969,-0.000594815,0.9963082,0.08466,0.01421913,-0.002325939,0.998522,0.0533439,0.01014705,0,0,0,0,0.8197459,-0.5652397,-0.01381265,-0.09126817,0.8046652,-0.01450612,-0.5706661,-0.1632287,-0.3207877,-0.4086615,0.8455886,0.1227639,-0.3228862,-0.4354401,0.8322648,0.1160674,0.7953358,0.6005346,0.03135282,-0.07626397,-0.4550016,-0.05609006,0.8873156,-0.04998452,0.9288087,0.07717978,-0.3623383,0.008280824,0.9228954,0.01874899,-0.3747939,-0.08626837,0,0,0,0,0.7189186,0.03203866,-0.6933145,-0.03800563,-0.6677716,-0.07253962,0.7407737,0.00857563,0,0,0,0,0,0,0,0,0.607047,-0.3031082,0.6532713,-0.3359406,0.6412383,0.09560405,0.7563851,0.08691802,0,0,0,0,-0.000976088,0.9973478,0.07207976,0.01005099,0,0,0,0,0,0,0,0,0,0,0,0,0,0,0,0
-0.00050403,0.9962255,0.08522023,0.01649389,-0.000982043,0.9963024,0.08521605,0.01090556,-0.002644812,0.9985217,0.05403414,0.00527344,0,0,0,0,0.8201439,-0.5646084,-0.01691957,-0.09107739,0.8106002,-0.01932749,-0.5629402,-0.1601631,-0.4647635,-0.3822251,0.7769358,0.1851206,-0.4663558,-0.3754055,0.7799801,0.1822471,0.7973849,0.5972552,0.02636898,-0.08226915,0.7826497,0.05268678,0.6177655,-0.05522217,0.9375008,0.07731272,-0.3391952,-0.007848319,0.9298193,0.01745261,-0.3524832,-0.1043399,0,0,0,0,0.7177078,0.03282832,-0.6945783,-0.03713233,-0.6640605,-0.07164689,0.7441881,0.008621029,0,0,0,0,0,0,0,0,0.6428654,-0.2539037,0.6628135,-0.2879845,0.6398281,0.09759023,0.7592995,0.06752983,0,0,0,0,-0.001519182,0.9973233,0.07291827,0.005182086,0,0,0,0,0,0,0,0,0,0,0,0,0,0,0,0
-0.000421009,0.9961981,0.08584729,0.01481204,-0.001811137,0.9963073,0.08582922,-0.001322022,-0.00390634,0.9983522,0.05437545,-0.01790969,0,0,0,0,0.8190674,-0.5661171,-0.02869475,-0.08841209,0.8058892,-0.01577234,-0.5705176,-0.1574912,-0.4475549,-0.3813671,0.7886556,0.1796558,-0.4557147,-0.3328432,0.8094432,0.1622998,0.8109996,0.5746371,-0.000886045,-0.1098686,0.7604215,0.07308002,0.6444122,-0.03393346,0.9048472,0.0776455,-0.4185289,-0.007511449,0.901599,0.05407735,-0.4239736,-0.06664306,0,0,0,0,0.7165799,0.03378414,-0.6957407,-0.03628818,-0.6624864,-0.07102775,0.745651,0.008443707,0,0,0,0,0,0,0,0,0.6458685,-0.2420454,0.6683686,-0.2784801,0.6383545,0.1055271,0.7588915,0.07383329,0,0,0,0,-0.00332428,0.997144,0.07327434,-0.017986,0,0,0,0,0,0,0,0,0,0,0,0,0,0,0,0
-0.001752182,0.9961783,0.08729342,0.002401091,-0.003495588,0.9960274,0.08724099,-0.01749884,-0.004267999,0.997701,0.05587561,-0.03811136,0,0,0,0,0.8176116,-0.5682669,-0.04171076,-0.08273019,0.7978475,-0.007934603,-0.583371,-0.1518379,-0.5293213,-0.3444947,0.7436789,0.2192807,-0.5458468,-0.2746739,0.7716639,0.1764662,0.8100406,0.5715557,-0.02105756,-0.1292862,0.7426731,0.08661431,0.6634954,-0.02661822,0.9008598,0.08647962,-0.4251381,-0.01518321,0.8994983,0.06202659,-0.4295124,-0.05074003,0,0,0,0,0.7078121,0.03756011,-0.7044291,-0.03702602,-0.6696041,-0.06732612,0.7396171,0.007993198,0,0,0,0,0,0,0,0,0.6433994,-0.2036169,0.6988427,-0.2370575,0.6250886,0.09067171,0.7717315,0.07398274,0,0,0,0,-0.004385167,0.9965003,0.07424708,-0.03815047,0,0,0,0,0,0,0,0,0,0,0,0,0,0,0,0
-0.00404198,0.9957533,0.08992863,-0.01928056,-0.005479117,0.9953179,0.08985253,-0.03519682,-0.00448961,0.9970325,0.05680729,-0.05175912,0,0,0,0,0.8167207,-0.569401,-0.05149452,-0.07808968,0.7926562,-7.23E-05,-0.5922593,-0.1446545,0.9130937,0.07331286,-0.1673842,-0.3645101,0.9525869,0.09173762,-0.160393,-0.2417363,0.8060979,0.5736822,-0.03343054,-0.1413408,0.7269317,0.09493227,0.6793784,-0.03167369,0.8819865,0.1110303,-0.4563597,-0.03883228,0.883641,-0.006421902,-0.4673969,-0.02602759,0,0,0,0,-0.6920391,-0.04498188,0.7192858,0.04106442,-0.6652526,-0.06151553,0.7440719,0.003437149,0,0,0,0,0,0,0,0,0.6317565,-0.1764932,0.7270883,-0.2026731,0.6126633,0.06794542,0.7842283,0.0708027,0,0,0,0,-0.005365993,0.9957967,0.07537166,-0.05176187,0,0,0,0,0,0,0,0,0,0,0,0,0,0,0,0
-0.01006426,0.9949542,0.09213918,-0.0384093,-0.01140904,0.994287,0.09198236,-0.0529382,-0.007650204,0.9960126,0.05715536,-0.06807093,0,0,0,0,0.815799,-0.5708785,-0.07346874,-0.05632131,0.7888296,0.01016442,-0.5978684,-0.142119,0.7997726,0.1782172,-0.4921696,-0.2938901,0.8055668,0.1512139,-0.50175,-0.2764839,0.8039094,0.5767879,-0.03836817,-0.1399043,0.7769787,0.09821536,0.6204908,-0.04060762,0.9011043,0.1035112,-0.4186199,-0.04531997,0.8957343,0.05930347,-0.4284163,-0.1029689,0,0,0,0,-0.6762316,-0.06124187,0.731652,0.06037945,-0.6706392,-0.04166089,0.7405597,-0.008866332,0,0,0,0,0,0,0,0,0.7097738,-0.09732743,0.681114,-0.1511037,0.6292034,0.02876666,0.7752715,0.04721935,0,0,0,0,-0.009757838,0.9947076,0.07633877,-0.06807287,0,0,0,0,0,0,0,0,0,0,0,0,0,0,0,0
-0.01501089,0.993922,0.09479597,-0.05392154,-0.01581826,0.9934263,0.09466459,-0.06239037,-0.01200798,0.9956428,0.05916562,-0.07106732,0,0,0,0,0.8141989,-0.5725653,-0.08513241,-0.04473879,0.7873395,0.004639625,-0.601459,-0.1353586,-0.3975103,-0.284023,0.8605824,0.1439249,-0.4006771,-0.2375721,0.8753757,0.1293628,0.8006712,0.5834129,-0.03169085,-0.1324789,0.8297363,0.09568525,0.5461484,-0.06406211,0.9157642,0.1036151,-0.3810677,-0.07366989,0.9127361,0.03349996,-0.3935313,-0.1045167,0,0,0,0,-0.6608152,-0.08716145,0.7402118,0.08838915,-0.7052232,-0.009053523,0.7082097,-0.03189718,0,0,0,0,0,0,0,0,0.7369429,-0.06993814,0.6629972,-0.111618,0.7453219,0.001251696,0.666126,0.02774972,0,0,0,0,-0.01434778,0.994233,0.07895745,-0.07113776,0,0,0,0,0,0,0,0,0,0,0,0,0,0,0,0
-0.00786992,0.9937975,0.09689836,-0.05399259,-0.008782787,0.9932446,0.09681989,-0.06335623,-0.004035917,0.9952895,0.06336044,-0.07326709,0,0,0,0,0.7991071,-0.592618,-0.09368255,-0.03814881,0.7800534,0.00059922,-0.6119735,-0.1304015,-0.614659,-0.200967,0.734892,0.2043048,-0.6178546,-0.1609851,0.7467743,0.1861923,0.7923493,0.5956452,-0.02412603,-0.1296424,0.8436655,0.07569905,0.5248572,-0.08380402,-0.6445127,-0.134013,0.7519594,0.03465449,-0.6434252,-0.1029447,0.7554838,0.06819697,0,0,0,0,-0.657944,-0.1021256,0.7375205,0.1128873,-0.7039618,0.005766577,0.7089592,-0.04220652,0,0,0,0,0,0,0,0,0.7403688,-0.04607412,0.6659695,-0.07884146,0.7450799,-0.02082364,0.6666254,0.00571424,0,0,0,0,-0.006361312,0.9938644,0.08270171,-0.07316691,0,0,0,0,0,0,0,0,0,0,0,0,0,0,0,0
-0.009523746,0.9934776,0.09750442,-0.05834767,-0.01064634,0.9927395,0.09738824,-0.06978837,-0.007305238,0.9946331,0.06311056,-0.08166266,0,0,0,0,0.799337,-0.591276,-0.1029343,-0.02928243,0.7467136,0.006313211,-0.654524,-0.1182248,-0.5362242,-0.1763403,0.8064556,0.1760599,-0.5345452,-0.1528939,0.8119959,0.1776162,0.7926149,0.5946565,-0.02891787,-0.1315631,0.8637487,0.06844818,0.4884537,-0.1032763,0.7395242,0.1357144,-0.6563892,-0.06195715,0.7232293,0.1158346,-0.6627468,-0.1558468,0,0,0,0,-0.6342658,-0.1543052,0.7395846,0.1640472,-0.6906254,0.037158,0.7190655,-0.06782889,0,0,0,0,0,0,0,0,0.7445788,-0.03241207,0.6636131,-0.06457378,0.7483627,-0.03587781,0.6623177,-0.001169228,0,0,0,0,-0.009509428,0.9931762,0.08275469,-0.08162283,0,0,0,0,0,0,0,0,0,0,0,0,0,0,0,0
-0.009122577,0.9932597,0.0952528,-0.06541274,-0.01001835,0.9926003,0.09516276,-0.07475483,-0.006135893,0.9945738,0.06032493,-0.08453421,0,0,0,0,0.8026951,-0.5865451,-0.1051402,-0.02431121,0.7395,0.001368614,-0.6642197,-0.1093154,-0.3586247,-0.1688323,0.909237,0.1271695,-0.3519798,-0.08570004,0.922661,0.1321452,0.795321,0.5913417,-0.03155412,-0.129552,0.8330519,0.05021765,0.5367249,-0.1242132,-0.5883237,-0.1818368,0.7852748,0.06445157,-0.5877663,-0.1216472,0.7949204,0.08851128,0,0,0,0,-0.6088604,-0.1797817,0.746295,0.2000282,-0.6816123,0.03771294,0.7270265,-0.07358467,0,0,0,0,0,0,0,0,0.749656,-0.02157076,0.658883,-0.05851367,0.7488558,-0.04737787,0.6610297,-0.003171433,0,0,0,0,-0.008453064,0.9931448,0.08034647,-0.08447705,0,0,0,0,0,0,0,0,0,0,0,0,0,0,0,0
-0.007083704,0.9934864,0.0910116,-0.06820094,-0.008037899,0.9927164,0.0909323,-0.07861747,-0.002671453,0.9943566,0.0566275,-0.08967292,0,0,0,0,0.8026525,-0.5868002,-0.1044228,-0.02259034,-0.7014307,0.006358371,0.7067172,0.09222424,-0.3098603,-0.1403883,0.9327566,0.1193431,-0.3057564,-0.05732167,0.946113,0.08998574,0.7967027,0.5879613,-0.04041268,-0.1339142,0.8402389,0.04054259,0.5216739,-0.142166,0.8223614,0.1548557,-0.5328252,-0.1258514,0.8051911,0.1079113,-0.5478547,-0.1996943,0,0,0,0,-0.6025865,-0.2102152,0.7323095,0.2375328,-0.6440184,0.0488719,0.7595271,-0.07726961,0,0,0,0,0,0,0,0,0.7515851,-0.01780319,0.6569333,-0.05693325,0.7501789,-0.05646941,0.6587921,-0.005983605,0,0,0,0,-0.005732551,0.9929903,0.07695046,-0.08953264,0,0,0,0,0,0,0,0,0,0,0,0,0,0,0,0
-0.006958074,0.9936045,0.08690692,-0.07175535,-0.007798313,0.992864,0.08683555,-0.08136212,-0.002582666,0.9943687,0.05333699,-0.09153813,0,0,0,0,0.7994212,-0.591469,-0.1037146,-0.01825714,-0.6897845,0.01531627,0.7196912,0.07750706,-0.2108995,-0.1264971,0.9642321,0.0988742,-0.1982073,0.02388322,0.9794603,0.02829983,0.7967323,0.5879887,-0.04403166,-0.1324695,0.8361709,0.03492669,0.5219422,-0.1648478,0.8093815,0.1759503,-0.5366654,-0.1610381,0.7948586,0.1020828,-0.5604517,-0.2089802,0,0,0,0,-0.5930386,-0.2311734,0.7242324,0.2652387,-0.63647,0.05154474,0.7655424,-0.07870004,0,0,0,0,0,0,0,0,0.7539325,-0.01556071,0.6542986,-0.0568944,0.7503118,-0.06120092,0.6582178,-0.00597943,0,0,0,0,-0.00564285,0.9930819,0.07348948,-0.09140985,0,0,0,0,0,0,0,0,0,0,0,0,0,0,0,0
-0.005265113,0.9937858,0.08582933,-0.07067757,-0.006232801,0.9929255,0.08576448,-0.08188145,-0.002611674,0.9942816,0.05130254,-0.09362341,0,0,0,0,0.7967876,-0.5949586,-0.104625,-0.01440408,-0.7019032,0.0248805,0.7083079,0.07080118,-0.387872,-0.07806583,0.9121765,0.1067473,-0.3861767,0.008181714,0.922339,0.009562953,0.7984818,0.5855908,-0.0466391,-0.131662,0.8561357,0.04203355,0.484109,-0.1757931,0.8466226,0.1607142,-0.4688968,-0.1937446,0.8190055,0.1478505,-0.4744596,-0.2868072,0,0,0,0,-0.59071,-0.2396566,0.7183239,0.2786344,-0.6368386,0.04615456,0.7666241,-0.06777799,0,0,0,0,0,0,0,0,0.7535154,-0.02003643,0.6550024,-0.05277391,0.7512499,-0.05927419,0.6573173,-0.006637302,0,0,0,0,-0.004942025,0.993027,0.07159444,-0.09352649,0,0,0,0,0,0,0,0,0,0,0,0,0,0,0,0
-0.003730801,0.9938221,0.08510365,-0.07114095,-0.004554001,0.9930873,0.08506357,-0.0807528,0.00093647,0.9946322,0.04916683,-0.09104212,0,0,0,0,0.7961726,-0.5957993,-0.1050016,-0.0103413,0.7473213,-0.04064474,-0.6608358,-0.05616783,-0.02804019,-0.04679195,0.99641,0.06473954,-0.02426588,0.009203725,0.9988717,0.03977074,0.80322,0.5810611,-0.04231065,-0.1241593,0.8563679,0.047595,0.4730593,-0.2014534,-0.5559832,-0.2592282,0.7783639,0.1335401,-0.535939,-0.2548547,0.7770685,0.2097213,0,0,0,0,-0.5893081,-0.2671043,0.6993583,0.3037584,-0.6188631,0.05828262,0.7796632,-0.07574264,0,0,0,0,0,0,0,0,0.7539015,-0.02153275,0.6546189,-0.05141028,0.7499868,-0.05762047,0.658899,-0.007193184,0,0,0,0,-0.001917571,0.993388,0.0701353,-0.09087167,0,0,0,0,0,0,0,0,0,0,0,0,0,0,0,0
-0.002210749,0.9937837,0.08471277,-0.07219879,-0.003140888,0.992931,0.08468338,-0.08310767,0.002352819,0.9943103,0.04855757,-0.09478208,0,0,0,0,0.793722,-0.5988503,-0.1063087,-0.009067295,-0.4478383,0.02352373,0.8915148,0.06394469,-0.0360156,-0.007631043,0.9968783,0.06984539,-0.02973949,0.03862118,0.9986824,-0.0160424,0.8015929,0.582208,-0.04653003,-0.1277408,0.8493382,0.04224306,0.4824013,-0.2100693,-0.5167069,-0.2858769,0.7919629,0.1551875,-0.5006107,-0.3034277,0.7855678,0.2005089,0,0,0,0,-0.5904645,-0.2741647,0.6920828,0.31178,-0.6332648,0.06217777,0.7674666,-0.07813221,0,0,0,0,0,0,0,0,0.7546592,-0.0221645,0.6538143,-0.05025078,0.6816819,-0.05649366,0.7294621,-0.001840065,0,0,0,0,-0.000363336,0.9930867,0.06951272,-0.09458664,0,0,0,0,0,0,0,0,0,0,0,0,0,0,0,0
-0.001013852,0.993735,0.08390872,-0.07381824,-0.001950006,0.9928495,0.08389218,-0.0849013,0.004585784,0.9941784,0.04696966,-0.09686199,0,0,0,0,0.7913471,-0.6018308,-0.1073676,-0.006445195,0.3104081,-0.01809084,0.9481785,0.06539936,-0.195012,0.04865682,0.9749683,0.09507713,-0.2105301,-0.02336073,0.975875,-0.05290994,0.8011037,0.5827098,-0.04837713,-0.1278351,0.849983,0.04207458,0.4777227,-0.2180356,-0.4681152,-0.3025926,0.8171763,0.1467268,-0.4410034,-0.356555,0.796285,0.2105106,0,0,0,0,-0.5908073,-0.2777201,0.688862,0.3150992,-0.6382892,0.06326884,0.7631246,-0.0788963,0,0,0,0,0,0,0,0,0.7557485,-0.02305251,0.6525681,-0.049676,0.6859335,-0.05485755,0.7255905,-0.002087861,0,0,0,0,0.00159466,0.9929723,0.0683241,-0.09661876,0,0,0,0,0,0,0,0,0,0,0,0,0,0,0,0
0.00014208,0.9938549,0.08361415,-0.07253247,-0.000847795,0.9929266,0.08360998,-0.08429311,0.00441617,0.994171,0.04707629,-0.09689279,0,0,0,0,0.7899706,-0.6036003,-0.1076158,-0.005657266,0.614733,-0.03544024,0.7855079,0.06184335,-0.1828762,0.04689638,0.9796062,0.0687668,-0.1846154,0.02146857,0.982574,0.002135497,0.8013223,0.5825448,-0.04816485,-0.1272964,0.8387895,0.03408242,0.494238,-0.2258301,0.876272,0.1418285,-0.3192167,-0.3318624,0.8432047,0.1284579,-0.3253407,-0.4082373,0,0,0,0,-0.5925564,-0.2784862,0.6870478,0.3150995,-0.6484748,0.06261664,0.7545699,-0.07863727,0,0,0,0,0,0,0,0,0.7550404,-0.02426673,0.6535141,-0.04737458,0.6902367,-0.05359323,0.7215888,-0.003254514,0,0,0,0,0.001899781,0.9929763,0.06819239,-0.09666526,0,0,0,0,0,0,0,0,0,0,0,0,0,0,0,0
0.001055374,0.9940155,0.08372802,-0.07015489,-3.18E-05,0.9930208,0.08373466,-0.083055,0.004644876,0.9941549,0.0475471,-0.09681794,0,0,0,0,0.7908018,-0.6024954,-0.1076722,-0.006204399,0.479339,-0.01954462,0.8744395,0.07216439,-0.1845821,0.04547448,0.9789702,0.07401954,-0.1776383,0.07536182,0.9811651,-0.008961339,0.8020622,0.5814664,-0.04809922,-0.127592,0.8353971,0.03084314,0.4985431,-0.2293801,0.2940569,-0.3518308,0.8788397,-0.1318572,0.3008003,-0.4290716,0.8436695,-0.1167836,0,0,0,0,-0.6023846,-0.2736331,0.6857198,0.3033908,-0.6528406,0.05342828,0.7526546,-0.06675041,0,0,0,0,0,0,0,0,0.7535163,-0.02462415,0.6553131,-0.04659989,0.6872603,-0.0536448,0.7244201,-0.003299572,0,0,0,0,0.00230028,0.9929629,0.06848301,-0.09658899,0,0,0,0,0,0,0,0,0,0,0,0,0,0,0,0
0.001634251,0.9942915,0.08484273,-0.06467994,0.00032359,0.9931738,0.08485784,-0.08002988,0.004432126,0.9941885,0.0479482,-0.09628345,0,0,0,0,0.7903857,-0.6030366,-0.1076546,-0.006914907,0.596436,-0.02841949,0.7990512,0.07052341,-0.1824535,0.04030475,0.979926,0.06950668,-0.1920961,-0.05172174,0.9798242,0.01919412,0.8016561,0.5820695,-0.04721348,-0.1277243,0.8343232,0.02891731,0.4990221,-0.2324765,0.3077657,-0.3565025,0.8713229,-0.1377778,0.3113391,-0.4349707,0.8350409,-0.128744,0,0,0,0,-0.6135415,-0.2550973,0.694154,0.2768439,-0.6474907,0.05552141,0.7567604,-0.0706181,0,0,0,0,0,0,0,0,0.7499309,-0.02709837,0.6593616,-0.04595181,0.680286,-0.05124449,0.7311487,-0.002572361,0,0,0,0,0.002092497,0.9929705,0.06912605,-0.09605645,0,0,0,0,0,0,0,0,0,0,0,0,0,0,0,0
0.000959617,0.9939083,0.0888807,-0.06515791,-0.000211763,0.9929634,0.08888564,-0.07825027,0.004140207,0.9945356,0.04876638,-0.09221462,0,0,0,0,0.7906733,-0.6029502,-0.1057279,-0.01040978,0.8142921,-0.07515693,-0.574995,-0.0257034,-0.3546418,0.006795384,0.9327726,0.06417336,-0.351452,0.04570371,0.9350239,-0.01108178,0.8011756,0.583437,-0.04254072,-0.1261318,0.8336916,0.0254508,0.4989289,-0.2353306,0.3521349,-0.3523012,0.8528894,-0.1564113,0.3583657,-0.4185764,0.8222997,-0.1420955,0,0,0,0,-0.6228774,-0.233301,0.7027333,0.252508,-0.6657927,0.0536846,0.7408308,-0.07076558,0,0,0,0,0,0,0,0,0.7503905,-0.02817537,0.6589402,-0.04379521,0.6581658,-0.05096984,0.751144,0.001586337,0,0,0,0,0.002020821,0.9932379,0.07078972,-0.09199532,0,0,0,0,0,0,0,0,0,0,0,0,0,0,0,0
0.002050273,0.9939039,0.09621096,-0.05379938,0.000410389,0.9928427,0.09623194,-0.07072926,0.003862188,0.994795,0.05004919,-0.08867476,0,0,0,0,0.7905282,-0.6031982,-0.1046773,-0.01611701,0.8559725,-0.08052173,-0.5102627,-0.02143194,-0.2839136,0.003752103,0.9568539,0.06172137,-0.28599,-0.01321742,0.9576679,0.03011754,0.8015212,0.5829811,-0.03799182,-0.1274888,0.8320788,0.02236528,0.5018646,-0.2351098,0.3821619,-0.34521,0.8402385,-0.1696516,0.3967647,-0.3857813,0.821387,-0.1381086,0,0,0,0,-0.6197538,-0.2013368,0.7268789,0.216831,-0.6904104,0.03222045,0.7200832,-0.0614449,0,0,0,0,0,0,0,0,0.7427426,-0.0318424,0.6673018,-0.04503036,0.7496856,-0.04394175,0.6603336,0.000337777,0,0,0,0,0.002332981,0.993287,0.07449519,-0.088464,0,0,0,0,0,0,0,0,0,0,0,0,0,0,0,0
0.004337297,0.9941075,0.1001804,-0.04117449,0.002514398,0.9931941,0.1002427,-0.05924951,0.005072759,0.9954427,0.05401927,-0.07842147,0,0,0,0,0.7937964,-0.5995334,-0.09792151,-0.02929597,0.8653002,-0.08444554,-0.49351,-0.02392481,-0.3284017,-0.01006782,0.9424641,0.06174623,-0.3325883,-0.07876614,0.9385116,0.04875381,0.8017597,0.5832587,-0.02808321,-0.1272867,0.8278587,0.01569951,0.5103607,-0.2322402,0.3228838,-0.356892,0.8644101,-0.145497,0.3412163,-0.3536257,0.8649501,-0.1018908,0,0,0,0,-0.6390117,-0.1525483,0.7347977,0.1687169,-0.6736115,0.0108482,0.7375634,-0.04615517,0,0,0,0,0,0,0,0,0.7333562,-0.04605825,0.6759906,-0.05571422,0.878744,-0.02733448,0.4764355,0.008429683,0,0,0,0,0.003903901,0.9937539,0.07953396,-0.07818161,0,0,0,0,0,0,0,0,0,0,0,0,0,0,0,0
0.005276641,0.9939748,0.1037699,-0.03490177,0.003655546,0.9933085,0.1038396,-0.05041924,0.003134233,0.9959584,0.05998676,-0.06677245,0,0,0,0,0.798232,-0.5940798,-0.09016166,-0.04202165,0.9002582,-0.08072581,-0.4263012,-0.03585962,-0.2055917,-0.02958302,0.9763505,0.05997295,-0.2111652,-0.0878741,0.9729978,0.03102816,0.803202,0.5821631,-0.01742493,-0.1250957,0.8335586,0.01301937,0.5033448,-0.2272764,0.3878007,-0.331687,0.8441844,-0.1641553,0.3998483,-0.3165896,0.8498925,-0.1325713,0,0,0,0,-0.6670847,-0.127849,0.719776,0.1434408,-0.6358581,0.005515864,0.770575,-0.04322203,0,0,0,0,0,0,0,0,0.7277082,-0.05789955,0.6799008,-0.06945057,0.6886141,-0.002878905,0.724533,0.02922743,0,0,0,0,0.003760401,0.9942326,0.08394002,-0.06664497,0,0,0,0,0,0,0,0,0,0,0,0,0,0,0,0
0.01090458,0.9943825,0.1004933,-0.03139601,0.00971905,0.9939432,0.1006149,-0.04311715,0.009149345,0.9965061,0.06159263,-0.05566169,0,0,0,0,0.8018916,-0.5899053,-0.07990362,-0.05096134,0.8453355,-0.07008289,-0.5261241,-0.06074281,-0.4212889,-0.06572375,0.9004022,0.08643875,-0.4268076,-0.05500334,0.9023058,0.02557478,0.800868,0.5868642,-0.008344096,-0.118875,0.8296147,0.00436756,0.5160227,-0.2131687,0.3791343,-0.3122395,0.8571131,-0.1553084,0.3819225,-0.2916183,0.8647244,-0.1461014,0,0,0,0,-0.6781656,-0.1155373,0.7176021,0.1085801,-0.6802462,-0.01883599,0.732402,-0.0223074,0,0,0,0,0,0,0,0,0.7205475,-0.0678222,0.6825092,-0.1019449,0.7308766,0.009696939,0.681048,0.04357784,0,0,0,0,0.008770525,0.9949155,0.0836552,-0.05538869,0,0,0,0,0,0,0,0,0,0,0,0,0,0,0,0
0.01235296,0.9945061,0.1002052,-0.02763983,0.01154349,0.9942505,0.1003016,-0.03566868,0.01143487,0.9969591,0.06296182,-0.04447044,0,0,0,0,0.8043946,-0.5869078,-0.0711339,-0.05855325,0.9036179,-0.06725884,-0.4161319,-0.07606181,-0.4966964,-0.05843275,0.8615276,0.08745637,-0.4957476,-0.1271577,0.8524928,0.1064015,0.8011881,0.5878435,0.001427609,-0.1119627,0.8186158,-0.000875749,0.5374449,-0.2025346,0.7532929,-0.1718078,0.5709596,-0.2775554,0.7709171,-0.1797095,0.5694671,-0.2215817,0,0,0,0,-0.6839799,-0.09900706,0.7180363,0.08242004,-0.6850111,-0.03593367,0.7275741,-0.01022549,0,0,0,0,0,0,0,0,0.669021,-0.1133966,0.7195413,-0.1476907,0.7214888,0.04904036,0.6864068,0.07677621,0,0,0,0,0.01106162,0.9954052,0.08423273,-0.04416895,0,0,0,0,0,0,0,0,0,0,0,0,0,0,0,0
0.008764763,0.9947598,0.09906198,-0.02372378,0.008224308,0.9946156,0.09910832,-0.02914924,0.006559406,0.9974234,0.06229039,-0.03497581,0,0,0,0,0.8067873,-0.5840673,-0.06327988,-0.06289133,0.898113,-0.06471104,-0.4215485,-0.1072495,-0.5796625,-0.09402344,0.8009242,0.1169244,-0.5888185,-0.1038779,0.7989273,0.06494207,0.8001917,0.5904688,0.008386291,-0.1047358,0.7511929,-0.0313174,0.6370936,-0.1698237,0.5768009,-0.2146372,0.7539208,-0.2298584,0.5990336,-0.204949,0.7566289,-0.1633011,0,0,0,0,-0.6871958,-0.07859855,0.7186041,0.07205866,-0.6875963,-0.05604408,0.7239028,-0.005939921,0,0,0,0,0,0,0,0,0.6303464,-0.1607075,0.7355761,-0.1891143,0.7172593,0.06480037,0.6877952,0.09098238,0,0,0,0,0.006774244,0.9959088,0.08311266,-0.03481359,0,0,0,0,0,0,0,0,0,0,0,0,0,0,0,0
0.006152511,0.99496,0.09770004,-0.02171579,0.005855923,0.9948894,0.09771825,-0.0247358,0.003831932,0.9977729,0.0604433,-0.027947,0,0,0,0,0.807361,-0.5835198,-0.05470832,-0.06840885,0.858494,-0.04212449,-0.4947423,-0.1282327,-0.6138945,-0.1346102,0.7631167,0.1505543,-0.6301326,-0.1170007,0.7642255,0.07213269,0.7981728,0.5936913,0.01092198,-0.1016435,0.7769865,-0.02041786,0.6084634,-0.1601477,0.6339775,-0.1781237,0.721441,-0.2141667,0.6475183,-0.139808,0.7324867,-0.1569618,0,0,0,0,-0.6886378,-0.06891725,0.7185124,0.06905235,-0.6902165,-0.06159898,0.720939,-0.007323762,0,0,0,0,0,0,0,0,0.6255336,-0.1904194,0.7225423,-0.2244568,0.6398362,0.07526648,0.7605558,0.08061912,0,0,0,0,0.004154337,0.9962924,0.08129164,-0.02785246,0,0,0,0,0,0,0,0,0,0,0,0,0,0,0,0
0.002041284,0.9951625,0.09645638,-0.01853583,0.001852438,0.9951243,0.09646019,-0.02048412,-0.001656126,0.9980363,0.05850697,-0.02230827,0,0,0,0,0.8114058,-0.5781317,-0.04941379,-0.07030439,0.7556078,-0.007740418,-0.6397344,-0.1404879,0.7642284,0.08681411,-0.5978535,-0.2258081,0.7793945,0.1390183,-0.5936783,-0.1440977,0.7969347,0.5961237,0.01420795,-0.09659003,0.7597225,-0.02252789,0.6354716,-0.1359787,0.6457959,-0.1310323,0.729809,-0.1820904,0.6506466,-0.170017,0.7205867,-0.1688435,0,0,0,0,-0.6915351,-0.05055235,0.7182122,0.05826565,-0.6901955,-0.08051002,0.71913,-0.000512881,0,0,0,0,0,0,0,0,0.6234675,-0.2092735,0.710686,-0.2498364,0.6299337,0.08728061,0.7671473,0.08396797,0,0,0,0,-0.00085569,0.996582,0.07952396,-0.02234917,0,0,0,0,0,0,0,0,0,0,0,0,0,0,0,0
-0.000618874,0.9953668,0.0947177,-0.01652383,-0.000748799,0.9953432,0.09471676,-0.01788917,-0.003035788,0.9981956,0.0568411,-0.01911283,0,0,0,0,0.8161575,-0.5715919,-0.0455026,-0.07140845,0.7914753,-0.001944507,-0.5893415,-0.1619868,0.814445,0.09462201,-0.5157887,-0.2483705,0.7988622,0.1474167,-0.4951031,-0.3081565,0.7968783,0.5966823,0.0154545,-0.09336135,0.8068158,-0.003396634,0.5759385,-0.1316493,0.3110641,-0.1571638,0.9317133,-0.1022206,0.3277634,-0.2118339,0.9196882,-0.04325673,0,0,0,0,-0.6934584,-0.04353749,0.7173825,0.05081694,-0.6908582,-0.08516932,0.717951,0.002734513,0,0,0,0,0,0,0,0,0.619877,-0.2378333,0.6908512,-0.2862036,0.6470188,0.0861128,0.7538968,0.07477225,0,0,0,0,-0.002693424,0.9967867,0.07772798,-0.01916827,0,0,0,0,0,0,0,0,0,0,0,0,0,0,0,0
-0.001270644,0.9955267,0.09335724,-0.0144715,-0.001428246,0.9955009,0.09335496,-0.01615211,-0.003253054,0.9982736,0.05590593,-0.01771479,0,0,0,0,0.8185055,-0.5682766,-0.04310016,-0.07247615,0.7715191,0.003608247,-0.6125065,-0.171992,0.8071491,0.114656,-0.5016652,-0.2893034,0.7840248,0.176029,-0.4731559,-0.3611679,0.7965413,0.5972799,0.01538741,-0.09242209,0.8043021,0.004975006,0.5823247,-0.1181997,0.2677218,-0.1271778,0.9505848,-0.09240992,0.2814046,-0.09601217,0.9545072,0.02256246,0,0,0,0,-0.6954321,-0.03962855,0.7161884,0.04333506,-0.6910664,-0.08793292,0.7173996,0.005726673,0,0,0,0,0,0,0,0,0.6145155,-0.2492821,0.6858128,-0.2998165,0.6503059,0.09243697,0.7494625,0.08284681,0,0,0,0,-0.003029847,0.9968929,0.07667817,-0.01777165,0,0,0,0,0,0,0,0,0,0,0,0,0,0,0,0
-0.002315522,0.9956788,0.09187174,-0.01333709,-0.002603972,0.9956321,0.09186401,-0.01646329,-0.003621028,0.9983017,0.05475857,-0.01954781,0,0,0,0,0.8201323,-0.5661396,-0.0440882,-0.07018001,0.7544196,0.01502044,-0.628916,-0.187324,-0.5541964,-0.2608612,0.7456988,0.2622043,-0.5458422,-0.2990237,0.7286597,0.2858254,0.7951699,0.5991895,0.01351247,-0.09216551,0.8494263,0.0220117,0.5165513,-0.1056655,-0.2604164,-0.1151991,0.9580659,-0.03197385,-0.2566099,-0.08016534,0.9603831,0.07340992,0,0,0,0,-0.696489,-0.04186152,0.7152845,0.0389697,-0.689992,-0.08784068,0.7184371,0.006581075,0,0,0,0,0,0,0,0,0.6122945,-0.2722416,0.6680546,-0.3235476,0.6487225,0.1063973,0.7481307,0.09021747,0,0,0,0,-0.00366215,0.9969516,0.07543018,-0.01960156,0,0,0,0,0,0,0,0,0,0,0,0,0,0,0,0
-0.005043062,0.9957417,0.0912452,-0.01213692,-0.005360027,0.9956936,0.09122712,-0.01559616,-0.00719258,0.9983215,0.05428454,-0.01886101,0,0,0,0,0.8213083,-0.5643476,-0.04201822,-0.07210437,0.7583837,0.01224982,-0.6227228,-0.1921469,-0.3188353,-0.3477644,0.8632107,0.179642,-0.3093128,-0.4283084,0.8244711,0.2027927,0.793238,0.6016017,0.01215,-0.09328067,0.9916023,0.08048804,-0.08273652,-0.05831997,0.2774916,-0.04247541,0.956433,-0.08018822,0.2891864,-0.04737752,0.9547971,0.04988961,0,0,0,0,-0.6974134,-0.04320787,0.7144073,0.03701148,-0.690123,-0.08686538,0.7184297,0.006588352,0,0,0,0,0,0,0,0,0.6067232,-0.2807809,0.667122,-0.3286295,0.6568938,0.1089942,0.7389815,0.1025523,0,0,0,0,-0.006927412,0.9969887,0.07486446,-0.01899696,0,0,0,0,0,0,0,0,0,0,0,0,0,0,0,0
-0.006291379,0.9958054,0.0906,-0.01111756,-0.006674357,0.9957495,0.09057259,-0.01532748,-0.008174552,0.9983354,0.0537164,-0.01934475,0,0,0,0,0.8220353,-0.563374,-0.04214797,-0.07135326,0.7452978,0.02077759,-0.6383379,-0.1913747,0.7455918,0.20568,-0.5075178,-0.3797556,0.7170965,0.2419037,-0.4840216,-0.439293,0.7908136,0.6048465,0.01155194,-0.09295817,0.9509866,0.08762641,-0.2951988,-0.02835249,0.2651463,-0.02720852,0.9608732,-0.07536349,0.2560799,0.05845184,0.961293,0.08319966,0,0,0,0,-0.6981765,-0.0448374,0.7136183,0.03588939,-0.6897331,-0.08644098,0.7188601,0.00601939,0,0,0,0,0,0,0,0,0.6082974,-0.2817405,0.6648903,-0.3294199,0.6567602,0.1095272,0.7392955,0.1005578,0,0,0,0,-0.008071957,0.9970143,0.0742779,-0.0194947,0,0,0,0,0,0,0,0,0,0,0,0,0,0,0,0
-0.006505596,0.9958514,0.09015747,-0.01045443,-0.006965387,0.9957852,0.09012313,-0.01553394,-0.008076516,0.9983243,0.05351681,-0.02047156,0,0,0,0,0.8218936,-0.5635868,-0.04250605,-0.07109276,0.7582676,0.007193458,-0.6226217,-0.1931856,-0.4014849,-0.3850719,0.7993868,0.2269587,-0.3804447,-0.4608283,0.7570607,0.2641179,0.7898533,0.6059635,0.01011956,-0.09400836,0.9030762,0.08766547,-0.4203994,-0.005696575,0.3303345,-0.002420791,0.9415002,-0.06671381,0.3288625,0.04008196,0.9397289,0.08457251,0,0,0,0,-0.6986787,-0.0461484,0.7130792,0.03516425,-0.6892564,-0.08569909,0.7194101,0.005514122,0,0,0,0,0,0,0,0,0.6144367,-0.2804337,0.6619738,-0.3249848,0.6633665,0.1101763,0.7335125,0.09882088,0,0,0,0,-0.008117799,0.9970115,0.07400949,-0.02061352,0,0,0,0,0,0,0,0,0,0,0,0,0,0,0,0
-0.007336643,0.9958304,0.09017386,-0.01169065,-0.007816023,0.9957542,0.09013358,-0.01698563,-0.008497345,0.9982637,0.0539129,-0.02215434,0,0,0,0,0.8222484,-0.5630929,-0.04456136,-0.0696298,0.7786741,-0.001646377,-0.5907019,-0.2115071,-0.3169853,-0.4135445,0.8354595,0.1746671,-0.3000096,-0.4969982,0.7888157,0.2018833,0.7882054,0.6080361,0.00957636,-0.09451197,0.9950786,0.07962686,-0.05287401,-0.02612461,0.3724172,-0.003460181,0.9255647,-0.06799658,0.365838,0.06806948,0.9235454,0.09269847,0,0,0,0,-0.6978858,-0.04773806,0.7138509,0.03306699,-0.6885068,-0.08436317,0.7202863,0.005372167,0,0,0,0,0,0,0,0,0.639185,-0.2571782,0.6611334,-0.2969925,0.6939349,0.09841835,0.7089925,0.07808753,0,0,0,0,-0.008660932,0.9969475,0.07431909,-0.0222984,0,0,0,0,0,0,0,0,0,0,0,0,0,0,0,0
-0.008529332,0.9956858,0.09082232,-0.01698006,-0.008892613,0.9956099,0.09078749,-0.02096331,-0.009737213,0.998136,0.0549318,-0.02474226,0,0,0,0,0.82329,-0.5615004,-0.04752683,-0.06820664,0.7605566,0.009360569,-0.6136049,-0.2120262,-0.4148998,-0.4028929,0.7784631,0.2439892,-0.4296265,-0.4522294,0.7500153,0.2199701,0.7892835,0.6063619,0.008181263,-0.09638386,0.9961715,0.08209518,-0.01854869,-0.02363574,0.3842199,0.000548569,0.9209775,-0.06461518,0.376555,0.07367837,0.9200532,0.07924639,0,0,0,0,-0.6940901,-0.04912413,0.7174731,0.0325288,-0.6873112,-0.08325045,0.7215667,0.003754761,0,0,0,0,0,0,0,0,0.6496328,-0.240723,0.6645299,-0.2800534,0.6931652,0.09015435,0.7122753,0.06370286,0,0,0,0,-0.009749349,0.9968141,0.07514078,-0.02491133,0,0,0,0,0,0,0,0,0,0,0,0,0,0,0,0
-0.01000282,0.9954154,0.09146427,-0.02612478,-0.009973576,0.9954237,0.09146747,-0.02580652,-0.01008605,0.9980857,0.05558411,-0.02517088,0,0,0,0,0.8236019,-0.5610595,-0.04959152,-0.06657863,0.7727817,0.001111694,-0.5970491,-0.2152662,-0.4044048,-0.4083045,0.7860066,0.2278986,-0.4196391,-0.4337116,0.7715427,0.2012935,0.7887196,0.6072456,0.00968794,-0.09529134,0.996216,0.08231425,0.01287044,-0.02474884,0.3377853,-0.004126329,0.9392578,-0.06065402,0.337278,0.02181361,0.9409877,0.0176042,0,0,0,0,-0.6874876,-0.04969297,0.7237923,0.03187766,-0.6825736,-0.08246685,0.7261449,0.002499813,0,0,0,0,0,0,0,0,0.6607406,-0.2177929,0.6726826,-0.2519646,0.691452,0.08456981,0.7150308,0.0589317,0,0,0,0,-0.01018455,0.9967443,0.07586014,-0.02534376,0,0,0,0,0,0,0,0,0,0,0,0,0,0,0,0
-0.009007046,0.9952159,0.09495541,-0.02115811,-0.009262621,0.9951553,0.09493082,-0.02383704,-0.009604205,0.9979502,0.05754749,-0.02629328,0,0,0,0,0.8228936,-0.561844,-0.05348922,-0.06569926,0.7895991,-0.002321718,-0.5747014,-0.2150495,-0.3986514,-0.3980578,0.8007265,0.2036274,-0.3982829,-0.4182482,0.7904265,0.2041203,0.7890987,0.6066201,0.01196198,-0.09587558,0.9910076,0.08016375,0.1025316,-0.03106396,0.3640303,-0.005768347,0.9292536,-0.06274141,0.3676794,-0.02639716,0.9294242,-0.0169057,0,0,0,0,-0.6913044,-0.04789924,0.7203997,0.02878159,-0.6870387,-0.07988197,0.7222162,0.000566389,0,0,0,0,0,0,0,0,0.652232,-0.1902668,0.7012566,-0.2159426,0.6871682,0.06198061,0.7215316,0.05788308,0,0,0,0,-0.009686323,0.9965168,0.07848713,-0.02646066,0,0,0,0,0,0,0,0,0,0,0,0,0,0,0,0
-0.01032918,0.9946266,0.09847305,-0.03023806,-0.01026441,0.9946463,0.09847982,-0.02958382,-0.009934706,0.9977605,0.05963449,-0.02861835,0,0,0,0,0.8221477,-0.5625086,-0.05733915,-0.06610326,0.7831526,0.005778921,-0.5863384,-0.2069924,-0.2814975,-0.4106416,0.8546835,0.1471356,-0.2862792,-0.3600883,0.8778581,0.1332128,0.7888175,0.6064465,0.0120543,-0.09921788,0.9160646,0.06886947,0.3914924,-0.0530699,0.4291822,-0.02879085,0.900019,-0.07028051,0.4310595,-0.04281212,0.8997267,-0.05335497,0,0,0,0,-0.6844875,-0.05305722,0.7263784,0.03219062,-0.68685,-0.07185519,0.7232152,-0.005807068,0,0,0,0,0,0,0,0,0.6783245,-0.143249,0.6986303,-0.176837,0.7260626,0.03114077,0.6859152,0.03719824,0,0,0,0,-0.01014005,0.9962167,0.08136628,-0.02879114,0,0,0,0,0,0,0,0,0,0,0,0,0,0,0,0
-0.01353725,0.9944474,0.1011528,-0.02567438,-0.01391297,0.9943452,0.1011018,-0.02936886,-0.01156473,0.9974732,0.06187578,-0.03293658,0,0,0,0,0.8213066,-0.5632395,-0.06173122,-0.06637722,0.8013155,0.003781796,-0.5653375,-0.1956336,-0.459944,-0.3256838,0.8016015,0.1995411,-0.4505065,-0.3729035,0.780861,0.2196429,0.7886606,0.6057131,0.009064235,-0.1050901,0.8740366,0.06464812,0.4773083,-0.0636984,0.5135425,-0.05508344,0.8520933,-0.0847166,0.5118762,-0.02678856,0.8540328,-0.08884295,0,0,0,0,-0.6869742,-0.06377856,0.7226497,0.04214431,-0.685715,-0.05943998,0.7252425,-0.01688626,0,0,0,0,0,0,0,0,0.7160705,-0.09629013,0.6802998,-0.1231398,0.7284011,0.001045989,0.6850387,0.01235439,0,0,0,0,-0.01276889,0.9958406,0.08392135,-0.0331014,0,0,0,0,0,0,0,0,0,0,0,0,0,0,0,0
-0.01736418,0.9942093,0.1021517,-0.02848304,-0.01770345,0.9941092,0.1020935,-0.03178581,-0.01452712,0.9972563,0.06364746,-0.03489705,0,0,0,0,0.8219404,-0.5620149,-0.06402826,-0.06673663,0.804749,0.001835789,-0.5638565,-0.1855841,-0.2745486,-0.3301543,0.8951812,0.1194649,-0.2851949,-0.2719537,0.9155532,0.0804201,0.7900025,0.603426,0.007527303,-0.1082431,0.9060008,0.06704484,0.4106406,-0.07772905,0.4789326,-0.06323747,0.8713055,-0.0863209,0.4790271,-0.1094325,0.8655558,-0.09680189,0,0,0,0,-0.6830953,-0.08114014,0.7234672,0.05824456,-0.6866919,-0.03294899,0.7255965,-0.02963621,0,0,0,0,0,0,0,0,0.7220084,-0.08686453,0.6793988,-0.09785564,0.7291982,-0.009577392,0.6842307,0.00257057,0,0,0,0,-0.01621434,0.9955878,0.08550005,-0.03509704,0,0,0,0,0,0,0,0,0,0,0,0,0,0,0,0
-0.02129081,0.9941878,0.1010229,-0.0305251,-0.02182244,0.9940132,0.1009094,-0.0357595,-0.01864766,0.9969254,0.06426691,-0.04076739,0,0,0,0,0.8219057,-0.5619019,-0.06756284,-0.06459519,0.8052966,0.0063026,-0.5675958,-0.1711513,0.7654813,0.161558,-0.5652012,-0.2616964,0.7686341,0.1702193,-0.5627439,-0.2520838,0.7921395,0.5996009,0.000467983,-0.113989,0.843907,0.05096813,0.5251836,-0.09698176,0.472861,-0.09587059,0.8687392,-0.1118179,0.4874396,-0.09983998,0.8670816,-0.02457599,0,0,0,0,-0.6787422,-0.09109146,0.7244819,0.07834114,-0.6841897,-0.02051854,0.7279662,-0.03909582,0,0,0,0,0,0,0,0,0.7269699,-0.06967231,0.6803903,-0.06107049,0.7315407,-0.028099,0.6809494,-0.01914514,0,0,0,0,-0.02043056,0.995301,0.08529581,-0.04102708,0,0,0,0,0,0,0,0,0,0,0,0,0,0,0,0
-0.02169417,0.9942212,0.09915398,-0.03495894,-0.02200654,0.9941061,0.09908513,-0.03809193,-0.01937325,0.9970001,0.06280357,-0.04088018,0,0,0,0,0.8227304,-0.5609182,-0.06571421,-0.06455346,0.8006334,0.008472431,-0.5787758,-0.1547032,0.7769269,0.1299123,-0.5700881,-0.233467,0.7884488,0.1302488,-0.5709216,-0.1882348,0.7934083,0.5978938,-0.001839149,-0.1141183,0.8561029,0.04737677,0.5018931,-0.1137832,0.626652,-0.09673396,0.7606054,-0.1393889,0.650997,-0.169328,0.7384982,-0.04638246,0,0,0,0,-0.669271,-0.1178115,0.7246376,0.1144425,-0.6855326,-0.002178473,0.7256128,-0.05938267,0,0,0,0,0,0,0,0,0.7302488,-0.05888982,0.6784599,-0.05441356,0.7307637,-0.04009968,0.681181,-0.01920736,0,0,0,0,-0.02070697,0.9954396,0.08352377,-0.04117098,0,0,0,0,0,0,0,0,0,0,0,0,0,0,0,0
-0.01983278,0.9942589,0.09722079,-0.04004957,-0.01993895,0.9942146,0.09719906,-0.04113549,-0.01457436,0.9972696,0.05891219,-0.04207522,0,0,0,0,0.8227448,-0.5612269,-0.06289732,-0.06449234,0.8729184,-0.01763958,-0.4660393,-0.1432123,-0.4560719,-0.1716466,0.8657352,0.1141861,-0.464415,-0.113948,0.8766371,0.05331023,0.7923221,0.5991589,-0.005925151,-0.1148875,0.8442529,0.0348114,0.5193057,-0.1278546,0.7811299,-0.09215893,0.5898599,-0.1827786,0.7917444,-0.1377564,0.585577,-0.1061302,0,0,0,0,-0.6148046,-0.1599467,0.75607,0.1574496,-0.6840934,0.0118995,0.7250072,-0.07898901,0,0,0,0,0,0,0,0,0.7334783,-0.04245501,0.676361,-0.05237244,0.7300732,-0.05273941,0.6810923,-0.01802654,0,0,0,0,-0.01660081,0.9957254,0.08043168,-0.04226217,0,0,0,0,0,0,0,0,0,0,0,0,0,0,0,0
-0.01877334,0.994056,0.09214708,-0.05485546,-0.01830909,0.9943196,0.09224045,-0.04984918,-0.007329293,0.9975889,0.05236368,-0.04495204,0,0,0,0,0.8212923,-0.5638039,-0.06058638,-0.06271742,0.8734221,-0.02022005,-0.4716378,-0.1195113,0.8062367,0.08307061,-0.5649976,-0.1544646,0.818627,0.005582143,-0.5723404,-0.0473819,0.7936255,0.5970604,-0.0123359,-0.1162978,0.8518289,0.03303818,0.5043814,-0.137461,0.8810062,-0.06016291,0.4223471,-0.2045272,0.8752697,-0.1514171,0.4030379,-0.2203097,0,0,0,0,-0.5950271,-0.1919916,0.756308,0.1925623,-0.7032724,0.02027196,0.7051167,-0.08835901,0,0,0,0,0,0,0,0,0.7433457,-0.03410757,0.66597,-0.05251433,0.7300494,-0.06166432,0.6803185,-0.01980013,0,0,0,0,-0.01135966,0.9960076,0.07627501,-0.04496669,0,0,0,0,0,0,0,0,0,0,0,0,0,0,0,0
-0.01625566,0.9943681,0.08714308,-0.05808514,-0.01576315,0.9946803,0.08723351,-0.05246717,-0.00241426,0.9978173,0.04614042,-0.04717878,0,0,0,0,0.8205438,-0.565505,-0.05873201,-0.05884332,0.98544,-0.06318863,-0.1298021,-0.08981374,-0.3434473,-0.07109191,0.9340057,0.06799319,-0.348259,-0.1396742,0.925618,0.04937714,0.7963739,0.5935001,-0.0175079,-0.1150641,0.7988576,0.01253559,0.5837263,-0.1446822,0.4837988,-0.2104509,0.8329918,-0.1666547,0.4989278,-0.2557126,0.8187892,-0.1235567,0,0,0,0,-0.6004848,-0.2137946,0.7357284,0.2289397,-0.6920466,0.02944353,0.7172607,-0.07577384,0,0,0,0,0,0,0,0,0.7454525,-0.03194205,0.6636988,-0.05276617,0.7304962,-0.0639374,0.6795843,-0.02127452,0,0,0,0,-0.006663486,0.9963092,0.07144224,-0.04711229,0,0,0,0,0,0,0,0,0,0,0,0,0,0,0,0