-0.006882,-0.086688,0.005659,-0.996196,-0.040376569,0.059539579,0.001268408,0.997408489,0.168356426,0.023151599,-0.064060302,0.983370103,-0.012621824,-0.958649174,-0.284247934,-0.006051421,0,0,0,1,0.94869,-0.163082,-0.242336,-0.121098,-0.846746653,0.225799771,-0.299478491,0.377289063,0.798022169,-0.186000773,0.229356896,-0.525318297,0,0,0,1,-0.8867625,-0.1570525,-0.4291885,0.0691745,-0.959160096,-0.188208781,0.198323621,0.072514688,-0.989243109,-0.084218013,-0.00539463,0.119493529,0,0,0,0,-0.69499687,0.001349867,0.718088149,0.036425192,0.6609638,0.01922633,-0.749491244,0.031948842,0,0,0,0,0,0,0,0,0.638793902,-0.150646978,0.724194017,-0.211636353,0.59832374,0.13030875,0.772193861,0.169540461,0,0,0,0,-0.020777804,-0.05007452,0.010338261,-0.998475725,0,0,0,0,0,0,0,0,0,0,0,0,0,0,0,0
-0.005851,-0.08973,0.002674,-0.995945,-0.049183884,0.067551009,0.002444786,0.996499066,0.163504461,0.030266779,-0.065788343,0.983880352,-0.015900149,-0.958369876,-0.285078338,-0.001601104,0,0,0,1,0.948831,-0.160833,-0.248266,-0.11053,-0.856186656,0.220792193,-0.29362518,0.363291249,0.809442207,-0.186486087,0.225609885,-0.509046155,0,0,0,1,-0.8940145,-0.1550475,-0.4142485,0.0713855,-0.955670647,-0.190808395,0.208132568,0.083469131,-0.988151433,-0.085850932,0.010187718,0.126821542,0,0,0,0,-0.691938634,-0.004041115,0.720956882,0.037748896,0.661186096,0.012736341,-0.749132698,0.038354396,0,0,0,0,0,0,0,0,0.63748434,-0.106555335,0.746639,-0.15744581,0.600398515,0.107486915,0.779104556,0.144791671,0,0,0,0,-0.015241184,-0.059818273,0.008922856,-0.998052327,0,0,0,0,0,0,0,0,0,0,0,0,0,0,0,0
-0.009527,-0.091767,-0.000546,-0.995735,-0.055143084,0.074554663,0.001132071,0.995691128,0.159270019,0.036857806,-0.067720012,0.984220311,-0.021350411,-0.957752796,-0.286786565,0.002874295,0,0,0,1,0.948171,-0.160961,-0.255866,-0.09796,-0.869136593,0.215839548,-0.284594797,0.342083661,0.824809192,-0.185308166,0.219152718,-0.48715903,0,0,0,1,-0.902615,-0.152883,-0.395317,0.075073,-0.950956064,-0.192705812,0.222199706,0.095779641,-0.98652793,-0.086077895,0.027315064,0.136402716,0,0,0,0,-0.690751401,-0.018253254,0.721173963,0.049363124,0.665417946,0.006436586,-0.74511945,0.044432496,0,0,0,0,0,0,0,0,0.636582779,-0.068459957,0.760168074,-0.110541296,0.60262892,0.082046354,0.783101999,0.129835028,0,0,0,0,-0.008551265,-0.06856537,0.007690252,-0.997581089,0,0,0,0,0,0,0,0,0,0,0,0,0,0,0,0
-0.015239,-0.087011,-0.003723,-0.996084,-0.058126472,0.079941213,0.003338688,0.995097733,0.155832557,0.043757414,-0.069667849,0.984350954,-0.029135438,-0.956805789,-0.289161867,0.00766935,0,0,0,1,0.946192,-0.163527,-0.265907,-0.085286,-0.883334152,0.213753297,-0.276106511,0.312723479,0.843767454,-0.184722816,0.210636311,-0.457783641,0,0,0,1,-0.908119,-0.148377,-0.382738,0.082556,-0.946761739,-0.193214536,0.232910452,0.109828617,-0.983868943,-0.084893171,0.038286213,0.152737479,0,0,0,0,-0.688814636,-0.042277207,0.720526961,0.067728809,0.672780186,-0.002247934,-0.738018355,0.051863613,0,0,0,0,0,0,0,0,0.64379739,-0.038330137,0.760376671,-0.076697751,0.605644276,0.057039555,0.786002118,0.110186126,0,0,0,0,-0.003509795,-0.077483075,0.006625318,-0.996965361,0,0,0,0,0,0,0,0,0,0,0,0,0,0,0,0
-0.020838,-0.0741,-0.000663,-0.997033,-0.055447852,0.082658103,0.008714655,0.994996107,0.153509445,0.050204908,-0.073868045,0.984102491,-0.035446286,-0.956029608,-0.290859374,0.012284805,0,0,0,1,0.942055,-0.167704,-0.280636,-0.075179,-0.898571011,0.213837346,-0.26275577,0.278933898,0.86340587,-0.188663261,0.199012622,-0.423474963,0,0,0,1,-0.9174175,-0.1443265,-0.3594105,0.0913175,0.940080787,0.195544476,-0.247399798,-0.129632168,0.981168706,0.080708697,-0.055680208,-0.166420164,0,0,0,0,-0.686074597,-0.07006014,0.717629944,0.096954239,0.672549711,-0.01759913,-0.737710228,0.056135564,0,0,0,0,0,0,0,0,0.643681424,-0.026786619,0.763561479,-0.043926887,0.611645525,0.029828965,0.785774462,0.086938607,0,0,0,0,-0.002833399,-0.085466583,0.005784498,-0.996320515,0,0,0,0,0,0,0,0,0,0,0,0,0,0,0,0
-0.025879,-0.058598,0.004156,-0.997938,-0.047387259,0.082458189,0.016582352,0.995329705,0.154446765,0.055472087,-0.075894624,0.983520033,-0.042109236,-0.955879874,-0.290203858,0.017462096,0,0,0,1,0.936236,-0.169632,-0.29987,-0.069036,-0.913299911,0.214291555,-0.246101347,0.243717989,0.882071468,-0.198362216,0.181624713,-0.386802291,0,0,0,1,-0.92394,-0.1385,-0.340748,0.10509,0.931888175,0.200036085,-0.258922905,-0.156621089,0.97578639,0.077658582,-0.071729588,-0.191484167,0,0,0,0,-0.68375458,-0.103105361,0.709421142,0.136274326,0.647912957,-0.036879185,-0.75847087,0.059763237,0,0,0,0,0,0,0,0,0.659162113,-0.018026273,0.751128421,-0.031399077,0.628488608,0.006569767,0.774280776,0.07380149,0,0,0,0,-0.007135904,-0.090571342,0.003560303,-0.995858895,0,0,0,0,0,0,0,0,0,0,0,0,0,0,0,0
-0.027192,-0.045932,0.007208,-0.998549,-0.033854406,0.081697612,0.024219052,0.995788705,0.157499229,0.06020375,-0.076007266,0.982748208,-0.047818268,-0.955997457,-0.288537039,0.023037465,0,0,0,1,0.930797,-0.170789,-0.316671,-0.064559,-0.926985121,0.212099758,-0.228686617,0.208363982,0.9020389,-0.207002935,0.156912232,-0.344753398,0,0,0,1,-0.929234,-0.134734,-0.32275,0.119178,0.921147989,0.207436097,-0.269609865,-0.189123909,0.967574293,0.078622433,-0.08596672,-0.224117331,0,0,0,0,-0.688871912,-0.131938347,0.686720893,0.190952065,0.630446883,-0.05452776,-0.771226934,0.069090696,0,0,0,0,0,0,0,0,0.657357576,-0.014376188,0.752918815,-0.028071432,0.622625804,-0.00806738,0.779578157,0.067307819,0,0,0,0,-0.015878651,-0.094151632,0.001558921,-0.995430731,0,0,0,0,0,0,0,0,0,0,0,0,0,0,0,0
-0.026797,-0.036412,0.00296,-0.998973,-0.019807621,0.080441678,0.027739629,0.996176655,0.164042372,0.064511365,-0.075888327,0.981412272,-0.051055483,-0.95588144,-0.287753624,0.029694273,0,0,0,1,0.92629,-0.169451,-0.331631,-0.057392,-0.940190824,0.20277445,-0.213161137,0.171716325,0.920334266,-0.213324761,0.13528191,-0.298625863,0,0,0,1,-0.9337,-0.133525,-0.305642,0.130225,0.908260425,0.216572714,-0.279866819,-0.223233999,0.957453086,0.075452181,-0.09662571,-0.261253418,0,0,0,0,-0.693564272,-0.159627942,0.657370304,0.247693849,0.637041716,-0.064049418,-0.764156508,0.07836566,0,0,0,0,0,0,0,0,0.652219739,-0.009874039,0.757250551,-0.032920063,0.634181283,-0.017166161,0.770532428,0.061632462,0,0,0,0,-0.023927419,-0.096003518,0.000267867,-0.995093899,0,0,0,0,0,0,0,0,0,0,0,0,0,0,0,0
-0.021639,-0.023027,-0.003911,-0.999493,-0.010348633,0.075707007,0.02861199,0.996666079,0.169438261,0.066977613,-0.072858898,0.980558948,-0.053566291,-0.954591535,-0.29085732,0.035880459,0,0,0,1,0.9219775,-0.1701315,-0.3445015,-0.0482875,0.95077749,-0.193481113,0.20105107,-0.134778801,-0.936188353,0.211839603,-0.123734391,0.251723061,0,0,0,1,-0.936705,-0.136118,-0.289179,0.14294,0.892922647,0.22922119,-0.289858327,-0.257158624,0.943725997,0.08080724,-0.111322443,-0.300766828,0,0,0,0,-0.68447795,-0.183043783,0.644810674,0.286712708,0.651513099,-0.073722911,-0.749788748,0.088951599,0,0,0,0,0,0,0,0,0.655126655,-0.00921148,0.754496371,-0.038211343,0.637932429,-0.012715267,0.767849308,0.057352564,0,0,0,0,-0.033754329,-0.094401718,-0.000545266,-0.994961525,0,0,0,0,0,0,0,0,0,0,0,0,0,0,0,0
-0.015839,-0.01634,-0.010198,-0.999689,-0.009204821,0.070862915,0.02956746,0.9970054,0.174888914,0.067501584,-0.069909944,0.979781104,-0.055060489,-0.952106399,-0.298026936,0.040521397,0,0,0,1,0.91704,-0.172947,-0.357164,-0.039505,0.958835078,-0.184406844,0.193593824,-0.095657008,-0.94875169,0.201050899,-0.12912768,0.206817505,0,0,0,1,-0.937677,-0.139809,-0.275793,0.158599,0.876695447,0.242900504,-0.299026098,-0.288077606,0.927651076,0.088405217,-0.125566151,-0.340415727,0,0,0,0,-0.679429208,-0.201582708,0.634525099,0.308413815,0.662874427,-0.082925033,-0.737254686,0.100883562,0,0,0,0,0,0,0,0,0.65959062,-0.006633369,0.75053728,-0.039867387,0.639793042,-0.004822694,0.766545035,0.055225544,0,0,0,0,-0.041049043,-0.090375608,-0.002224272,-0.995058891,0,0,0,0,0,0,0,0,0,0,0,0,0,0,0,0
-0.01449,-0.013128,-0.017866,-0.999649,-0.008310734,0.067047284,0.031485968,0.997218343,0.17807062,0.068141994,-0.068876764,0.979235868,-0.057496357,-0.947932772,-0.309990028,0.044984399,0,0,0,1,0.9132095,-0.1744175,-0.3669655,-0.0310255,0.963301425,-0.173688319,0.196698337,-0.056490855,-0.960330688,0.172779549,-0.142450278,0.166191261,0,0,0,1,-0.9387715,-0.1391545,-0.2662325,0.1687175,0.862696766,0.252288325,-0.30558319,-0.314205186,0.913197315,0.094405782,-0.136154055,-0.372319835,0,0,0,0,-0.675426276,-0.220162646,0.626614695,0.320438873,0.663407709,-0.087520545,-0.734832953,0.110679376,0,0,0,0,0,0,0,0,0.659000893,-0.006701958,0.750742341,-0.045369385,0.641039468,0.002376172,0.765911071,0.049416329,0,0,0,0,-0.042995548,-0.086531233,-0.004686454,-0.99530989,0,0,0,0,0,0,0,0,0,0,0,0,0,0,0,0
-0.01359,-0.013339,-0.023284,-0.999548,-0.00877254,0.064270432,0.035389815,0.997266628,0.179456235,0.068124714,-0.068012049,0.979045257,-0.061756626,-0.942568782,-0.324763933,0.047738319,0,0,0,1,0.90981,-0.175503,-0.375419,-0.02248,0.964513896,-0.164688636,0.205158233,-0.022368258,-0.966960137,0.140598819,-0.168825253,0.12930097,0,0,0,1,-0.939539,-0.136371,-0.26368,0.170712,0.853075666,0.256124245,-0.306200574,-0.336010848,0.902888033,0.097552583,-0.140546364,-0.39436536,0,0,0,0,-0.674881804,-0.234386099,0.620140425,0.324072695,0.663331937,-0.094373312,-0.732842165,0.118428033,0,0,0,0,0,0,0,0,0.657179386,-0.005991316,0.752036346,-0.050213774,0.637720345,0.008120976,0.768879946,0.045504415,0,0,0,0,-0.041904611,-0.082956696,-0.007098178,-0.995647028,0,0,0,0,0,0,0,0,0,0,0,0,0,0,0,0
-0.011535,-0.011466,-0.025718,-0.999537,-0.010651003,0.061435033,0.040633285,0.99722731,0.180104102,0.068047854,-0.06570368,0.979089751,-0.067263867,-0.937126932,-0.338760301,0.050122237,0,0,0,1,0.9054375,-0.1764105,-0.3858055,-0.0146825,0.964107442,-0.156646377,0.214365224,0.002144129,-0.969098505,0.110417858,-0.199479673,0.094135709,0,0,0,1,-0.940346,-0.13627,-0.262315,0.168437,0.847014503,0.257404423,-0.299408045,-0.35590058,0.894954293,0.095470153,-0.137851087,-0.413448461,0,0,0,0,-0.67954093,-0.237307864,0.615597264,0.320856773,0.668117198,-0.102510788,-0.726122313,0.125923195,0,0,0,0,0,0,0,0,0.659792852,-0.004243348,0.749577029,-0.052824412,0.64247867,0.012625913,0.764825749,0.045875,0,0,0,0,-0.038985961,-0.079967615,-0.007806726,-0.996004903,0,0,0,0,0,0,0,0,0,0,0,0,0,0,0,0
-0.010996,-0.007155,-0.026099,-0.999573,-0.015435851,0.057980999,0.043046116,0.997269699,0.178508985,0.067680584,-0.063434575,0.979556404,-0.0715457,-0.931756191,-0.352173799,0.051822801,0,0,0,1,0.902055,-0.177657,-0.393306,-0.006732,0.963868386,-0.151427615,0.218472303,0.017250484,-0.968368214,0.092235729,-0.218336556,0.078010631,0,0,0,1,-0.940636,-0.138268,-0.262251,0.165257,0.843749376,0.256674378,-0.29630536,-0.366616677,0.889385843,0.088255464,-0.134166529,-0.428020599,0,0,0,0,-0.684353499,-0.231849707,0.618381851,0.309047383,0.673100001,-0.106857158,-0.719841442,0.131705013,0,0,0,0,0,0,0,0,0.663638099,-0.003599881,0.746078264,-0.054201856,0.648037185,0.014469628,0.760027249,0.046857793,0,0,0,0,-0.036169199,-0.076900757,-0.009538334,-0.996337115,0,0,0,0,0,0,0,0,0,0,0,0,0,0,0,0
-0.011573,-0.002663,-0.024651,-0.999626,-0.023710246,0.053794858,0.044378369,0.997283992,0.17700258,0.066938064,-0.061485717,0.980005033,-0.074185477,-0.927113143,-0.363412192,0.053768622,0,0,0,1,0.8994035,-0.1789835,-0.3987935,-0.0013495,0.964209391,-0.148337709,0.218478104,0.023727055,-0.968694477,0.084381409,-0.22080586,0.075863532,0,0,0,1,-0.941019,-0.141929,-0.261039,0.161859,0.842932338,0.257915729,-0.295960057,-0.367903099,0.887859569,0.07782755,-0.131849151,-0.433893886,0,0,0,0,-0.68899212,-0.217830608,0.628188008,0.288479061,0.67464222,-0.107099068,-0.717876919,0.134317652,0,0,0,0,0,0,0,0,0.663958418,-0.004227791,0.745808857,-0.053958611,0.648922045,0.014571502,0.759163072,0.048577231,0,0,0,0,-0.03352851,-0.072950751,-0.010692261,-0.996715035,0,0,0,0,0,0,0,0,0,0,0,0,0,0,0,0
-0.012177,0.001109,-0.021847,-0.999687,-0.033014072,0.049639475,0.044586219,0.997226015,0.176272976,0.066675361,-0.060403663,0.980222731,-0.075393029,-0.922870302,-0.373312905,0.057164567,0,0,0,1,0.898043,-0.179639,-0.401548,0.00286,0.965458796,-0.146983591,0.213735814,0.024548573,-0.969984428,0.086249342,-0.212441889,0.080989914,0,0,0,1,-0.9410935,-0.1455255,-0.2619305,0.1567085,0.847138142,0.25634563,-0.29577216,-0.359391642,0.889526453,0.081637739,-0.135717442,-0.428554603,0,0,0,0,-0.690972019,-0.196017071,0.646712791,0.256703803,0.672223473,-0.10238086,-0.721233985,0.132113632,0,0,0,0,0,0,0,0,0.662461473,-0.006157486,0.747196907,-0.052958055,0.649469345,0.014903239,0.758475477,0.051801307,0,0,0,0,-0.029240945,-0.068690393,-0.01130604,-0.997146241,0,0,0,0,0,0,0,0,0,0,0,0,0,0,0,0
0.014518,-0.005827,0.020273,0.999672,0.040881204,-0.044431705,-0.043548877,-0.997225469,-0.174524057,-0.065192379,0.058914504,-0.980725318,0.076399641,0.918258339,0.383981716,-0.059369266,0,0,0,1,0.8973185,-0.1792245,-0.4033335,0.0045365,0.966767925,-0.147439993,0.208007011,0.01881629,-0.970899595,0.093695906,-0.200905708,0.090621657,0,0,0,1,-0.9411575,-0.1467575,-0.2648285,0.1501705,0.855479876,0.252290876,-0.297870401,-0.340261473,0.899257276,0.083839233,-0.133815329,-0.407924855,0,0,0,0,-0.688015605,-0.169017613,0.671938825,0.215789898,0.66770937,-0.088225295,-0.728733409,0.123803619,0,0,0,0,0,0,0,0,0.664084283,-0.010011218,0.74544399,-0.056605312,0.653618553,0.01605045,0.754683369,0.05455735,0,0,0,0,0.023090688,0.063202368,0.011207799,0.997671358,0,0,0,0,0,0,0,0,0,0,0,0,0,0,0,0
0.013226,-0.004041,0.017753,0.999747,0.052904905,-0.040429826,-0.042862046,-0.996859861,-0.1714248,-0.062978084,0.058510167,-0.981440081,0.076094767,0.914134737,0.393565994,-0.060608266,0,0,0,1,0.8981085,-0.1780965,-0.4020795,0.0038265,0.967024597,-0.150111266,0.205558735,0.008738276,-0.970091921,0.102145469,-0.194854505,0.102568424,0,0,0,1,-0.9402155,-0.1475465,-0.2722255,0.1418405,0.867652217,0.245854046,-0.299104905,-0.311885181,0.913630542,0.081614225,-0.130021506,-0.376448946,0,0,0,0,-0.684396633,-0.134308569,0.697612458,0.164008468,0.662129563,-0.071290592,-0.737650611,0.111232471,0,0,0,0,0,0,0,0,0.661324446,-0.011205521,0.74792947,-0.055918711,0.652169295,0.021894384,0.755243016,0.06169125,0,0,0,0,0.016450078,0.05709826,0.009932529,0.998183761,0,0,0,0,0,0,0,0,0,0,0,0,0,0,0,0
0.014186,-0.002178,0.015677,0.999774,0.0625367,-0.03644595,-0.041270624,-0.996522546,-0.168314787,-0.060578683,0.057836441,-0.982168586,0.074911327,0.910740451,0.401400105,-0.06178734,0,0,0,1,0.9014555,-0.1769105,-0.3950645,0.0023245,0.966184837,-0.152540201,0.207868579,-0.003066544,-0.967939505,0.111241427,-0.193525794,0.115180248,0,0,0,1,-0.9386265,-0.1475935,-0.2818935,0.1331645,0.883263615,0.23663768,-0.292855968,-0.279435742,0.928994197,0.084553341,-0.118086529,-0.340408512,0,0,0,0,-0.682814128,-0.096281781,0.714539181,0.118018243,0.653158215,-0.051716424,-0.748536652,0.101994466,0,0,0,0,0,0,0,0,0.658392781,-0.019540189,0.749931996,-0.061154837,0.649902432,0.029717934,0.756277593,0.069207315,0,0,0,0,0.009631387,0.050859964,0.007572807,0.998630429,0,0,0,0,0,0,0,0,0,0,0,0,0,0,0,0
0.015896,0.002833,0.013256,0.999782,0.069136132,-0.03294516,-0.039009031,-0.99630022,-0.16547257,-0.056908191,0.056383457,-0.982955198,0.073056855,0.907870635,0.408296839,-0.061053636,0,0,0,1,0.9065975,-0.1758955,-0.3835895,-0.0012735,0.963679123,-0.157083624,0.215206731,-0.018262602,-0.963467483,0.121487166,-0.200045683,0.130203504,0,0,0,1,-0.9359725,-0.1490455,-0.2939295,0.1238805,0.89946566,0.226393223,-0.285425227,-0.241329981,0.944183352,0.091182029,-0.110473827,-0.296645987,0,0,0,0,-0.68245916,-0.060270954,0.72418836,0.078535522,0.644595403,-0.029817519,-0.758965003,0.087066595,0,0,0,0,0,0,0,0,0.654179132,-0.034844808,0.752078065,-0.072215401,0.647674661,0.039853494,0.756784987,0.078777997,0,0,0,0,0.003527677,0.044161604,0.005268278,0.999004583,0,0,0,0,0,0,0,0,0,0,0,0,0,0,0,0
0.022589,0.014062,0.011436,0.999581,0.068303053,-0.031192425,-0.034159444,-0.996592151,-0.16592653,-0.052416964,0.056211316,-0.983139359,0.070292921,0.907124246,0.410776042,-0.058728131,0,0,0,1,0.9139745,-0.1735515,-0.3666835,-0.0085365,0.959133789,-0.163334771,0.227436302,-0.040703799,-0.957021009,0.130034692,-0.209849743,0.152200074,0,0,0,1,-0.931868,-0.150488,-0.309198,0.115638,0.913036469,0.218899491,-0.279930274,-0.200215554,0.958662497,0.091286165,-0.097655256,-0.251188446,0,0,0,0,-0.677139596,-0.036918752,0.733368727,0.047850623,0.646379149,-1.20399E-05,-0.760496182,0.061967684,0,0,0,0,0,0,0,0,0.647980633,-0.063993871,0.753256105,-0.09290181,0.642925064,0.049723796,0.759418236,0.086357445,0,0,0,0,6.0847E-05,0.037780675,0.00295453,0.999282217,0,0,0,0,0,0,0,0,0,0,0,0,0,0,0,0
-0.018489,-0.028843,-0.016224,-0.999281,-0.065878425,0.030913541,0.031893319,0.996838175,0.168210308,0.048051291,-0.053728184,0.983111782,-0.07007681,-0.906903602,-0.411697588,0.055849954,0,0,0,1,0.9199125,-0.1724265,-0.3516285,-0.0196605,0.953136525,-0.174523138,0.236811814,-0.070653914,-0.947923952,0.143227707,-0.219338695,0.18114908,0,0,0,1,-0.923049,-0.152458,-0.334814,0.112417,0.92489193,0.21379544,-0.271387171,-0.158799423,0.969550922,0.098045658,-0.085371052,-0.207536218,0,0,0,0,-0.693533159,-0.017338965,0.719865816,0.022476803,0.665347067,0.018980662,-0.744062921,0.057656833,0,0,0,0,0,0,0,0,0.645355146,-0.081156767,0.749630769,-0.122413619,0.628831295,0.074507664,0.767574826,0.099248667,0,0,0,0,-0.002384279,-0.032490631,-0.00175776,-0.999466898,0,0,0,0,0,0,0,0,0,0,0,0,0,0,0,0
-0.019091,-0.040908,-0.02265,-0.998724,-0.056697239,0.031140798,0.024004541,0.997617336,0.173540906,0.044960231,-0.055852513,0.982213763,-0.070031251,-0.906715105,-0.412453299,0.053363009,0,0,0,1,0.925065,-0.17284,-0.336451,-0.034384,0.943361575,-0.190591302,0.24913454,-0.108059547,-0.935893989,0.162657688,-0.222134682,0.219776916,0,0,0,1,-0.9140375,-0.1534185,-0.3587585,0.1108635,0.934301057,0.209624144,-0.260509544,-0.123585523,0.977504416,0.105475956,-0.063736932,-0.171165462,0,0,0,0,0.68957124,0.007568164,-0.724073808,-0.012307194,-0.640513035,-0.036648035,0.765186976,-0.05374538,0,0,0,0,0,0,0,0,0.651362725,-0.106809894,0.731552877,-0.170728104,0.599985591,0.095558777,0.78712815,0.106373849,0,0,0,0,-0.008779365,-0.028775918,7.24157E-05,-0.999547877,0,0,0,0,0,0,0,0,0,0,0,0,0,0,0,0
-0.022583,-0.047173,-0.020542,-0.99842,-0.041138739,0.03291985,0.022182521,0.998364605,0.178806108,0.043394339,-0.059541781,0.981121466,-0.070306547,-0.90638687,-0.413555944,0.049917801,0,0,0,1,0.92862,-0.169727,-0.326494,-0.047543,-0.933795973,0.204554398,-0.246028866,0.160167163,0.921577334,-0.180984457,0.207981653,-0.273284951,0,0,0,1,-0.9072665,-0.1505125,-0.3783445,0.1052125,-0.943166166,-0.197487322,0.249429118,0.096032541,-0.983586808,-0.106510922,0.04922567,0.137079593,0,0,0,0,0.682870696,-0.000190919,-0.730393929,-0.0145565,-0.633830841,-0.051480797,0.770356188,-0.04647772,0,0,0,0,0,0,0,0,0.657585265,-0.137823597,0.703905002,-0.230441857,0.585173972,0.100513555,0.796336789,0.11539401,0,0,0,0,-0.014034284,-0.028838847,0.003726549,-0.99947825,0,0,0,0,0,0,0,0,0,0,0,0,0,0,0,0
-0.021999,-0.054105,-0.016323,-0.998159,-0.028495899,0.03439974,0.022317246,0.99875224,0.183956679,0.041533138,-0.06311551,0.980025505,-0.07086602,-0.905989809,-0.414782513,0.045982109,0,0,0,1,0.9300545,-0.1700095,-0.3200935,-0.0603065,-0.919824749,0.222249256,-0.236371737,0.220581729,0.89896543,-0.204095853,0.195905471,-0.334406109,0,0,0,1,-0.9024885,-0.1494765,-0.3917895,0.0983495,-0.950108151,-0.187825281,0.237129391,0.076067347,-0.987982784,-0.09781427,0.045950898,0.110502298,0,0,0,0,0.688142177,0.000541644,-0.725304881,-0.01981596,-0.655734633,-0.055657045,0.751743889,-0.042365987,0,0,0,0,0,0,0,0,0.645891133,-0.165405004,0.690649578,-0.280121766,0.581542003,0.102298228,0.797106889,0.12634651,0,0,0,0,-0.022782203,-0.028524378,0.005995034,-0.999315122,0,0,0,0,0,0,0,0,0,0,0,0,0,0,0,0
-0.019289,-0.062992,-0.010199,-0.997776,-0.021210737,0.037992,0.022768282,0.998794068,0.188316814,0.041628196,-0.066553128,0.978966997,-0.073128375,-0.9042651,-0.418430439,0.043304225,0,0,0,1,0.930046,-0.176135,-0.313712,-0.074675,-0.899569226,0.24388175,-0.235971191,0.27498278,0.866937229,-0.228869758,0.182245309,-0.403516797,0,0,0,1,-0.897706,-0.154809,-0.4021,0.092055,-0.951878116,-0.18426849,0.238441338,0.055843325,-0.99123305,-0.085297309,0.046642316,0.089473049,0,0,0,0,0.69464261,0.003676955,-0.718954355,-0.023716361,-0.65343851,-0.049629816,0.754401148,-0.037864249,0,0,0,0,0,0,0,0,0.629223212,-0.188202127,0.687184755,-0.310541499,0.585445319,0.099970766,0.792659608,0.137662728,0,0,0,0,-0.032008084,-0.030459453,0.007677024,-0.998994482,0,0,0,0,0,0,0,0,0,0,0,0,0,0,0,0
-0.018886,-0.066984,-0.001377,-0.997574,-0.01705781,0.042340877,0.021301166,0.998729899,0.193945251,0.043451784,-0.068243614,0.977669937,-0.074917153,-0.902690878,-0.421616032,0.042133575,0,0,0,1,0.9280925,-0.1783705,-0.3143555,-0.0894955,-0.87897863,0.260283144,-0.238285751,0.320734175,0.828637228,-0.251752856,0.171621306,-0.469603485,0,0,0,1,-0.892232,-0.157072,-0.414366,0.086898,-0.953510927,-0.17901733,0.239006459,0.040557212,-0.993311584,-0.072719301,0.054231615,0.07143276,0,0,0,0,0.696408963,0.001883732,-0.717011226,-0.030104364,-0.655296,-0.044399658,0.753519735,-0.028713204,0,0,0,0,0,0,0,0,0.622126688,-0.204947122,0.68106121,-0.327279424,0.587962108,0.091965357,0.789801709,0.148516042,0,0,0,0,-0.037557556,-0.0349116,0.009039919,-0.998643272,0,0,0,0,0,0,0,0,0,0,0,0,0,0,0,0
-0.018544,-0.066053,0.005168,-0.99763,-0.01580384,0.044245758,0.017459243,0.998742956,0.199327235,0.044484165,-0.069242569,0.976470943,-0.073970107,-0.901550614,-0.424291264,0.041375496,0,0,0,1,0.925557,-0.177024,-0.319591,-0.099344,-0.859692371,0.270973828,-0.235968002,0.363073902,0.796174778,-0.266265277,0.156827369,-0.520207527,0,0,0,1,-0.889826,-0.155412,-0.420991,0.082601,-0.954431099,-0.174532512,0.23988597,0.032453104,-0.993962918,-0.063087651,0.066573221,0.060206344,0,0,0,0,-0.690906258,-0.001153998,0.722095324,0.034997543,0.654596188,0.038279686,-0.754660496,0.022924946,0,0,0,0,0,0,0,0,0.617928595,-0.218650145,0.676116412,-0.336486661,0.588974918,0.0889809,0.787438418,0.158530917,0,0,0,0,-0.04004179,-0.037588467,0.00960571,-0.998444247,0,0,0,0,0,0,0,0,0,0,0,0,0,0,0,0
-0.020163,-0.063138,0.010246,-0.997749,-0.012641721,0.04403058,0.00903749,0.998910037,0.199724706,0.044384529,-0.069924465,0.97634684,-0.07073125,-0.900606958,-0.426942932,0.040324887,0,0,0,1,0.924499,-0.177294,-0.322209,-0.100244,-0.846006445,0.272070042,-0.225299315,0.399362653,0.773109894,-0.283119885,0.14201689,-0.549522178,0,0,0,1,-0.8871155,-0.1544525,-0.4275655,0.0797385,-0.955390961,-0.171809218,0.238466099,0.029045202,-0.994641839,-0.055337147,0.070354987,0.051728532,0,0,0,0,-0.684943226,-0.001453104,0.727290437,0.043589598,0.651907816,0.03405548,-0.757316118,0.018131262,0,0,0,0,0,0,0,0,0.61576697,-0.233259678,0.67290544,-0.337074267,0.592131596,0.089668257,0.783789427,0.164356646,0,0,0,0,-0.040962405,-0.037892463,0.010185801,-0.998391113,0,0,0,0,0,0,0,0,0,0,0,0,0,0,0,0
-0.018412,-0.063894,0.01135,-0.997722,-0.014241081,0.044310376,0.00511185,0.998903017,0.199014043,0.044113876,-0.070552882,0.976457207,-0.067862602,-0.900563806,-0.427566487,0.039565387,0,0,0,1,0.9231275,-0.1810095,-0.3246275,-0.0984295,-0.834785569,0.275109494,-0.219292301,0.423507683,0.761982171,-0.28173689,0.131189657,-0.568152515,0,0,0,1,-0.8841015,-0.1544435,-0.4342725,0.0769345,-0.957208787,-0.170249423,0.232401285,0.027496,-0.995425642,-0.052801433,0.061233123,0.050904713,0,0,0,0,-0.688433505,-0.000210718,0.723914709,0.044805114,0.65746424,0.029547854,-0.752668451,0.018941206,0,0,0,0,0,0,0,0,0.61886834,-0.231779703,0.673373545,-0.331433676,0.594863519,0.096813497,0.779412274,0.171115223,0,0,0,0,-0.041103549,-0.037779824,0.011452355,-0.998374651,0,0,0,0,0,0,0,0,0,0,0,0,0,0,0,0
-0.019025,-0.065462,0.011797,-0.997604,-0.018317727,0.045233965,0.002539868,0.998805624,0.198067951,0.043883036,-0.070427313,0.976670255,-0.066989175,-0.900860571,-0.427161571,0.038688683,0,0,0,1,0.921504,-0.184939,-0.327728,-0.096033,-0.830407646,0.278318082,-0.218700665,0.430270376,0.748820374,-0.291188215,0.139828236,-0.578728541,0,0,0,1,-0.881584,-0.154572,-0.439513,0.075799,-0.958839691,-0.171397338,0.224350544,0.030261598,-0.995576418,-0.055620417,0.051170135,0.055817224,0,0,0,0,-0.691993788,0.000105359,0.720412409,0.046367113,0.662281166,0.027320505,-0.748527989,0.018484269,0,0,0,0,0,0,0,0,0.625269071,-0.222929555,0.677351728,-0.317075166,0.596892838,0.100374519,0.776760252,0.174035209,0,0,0,0,-0.040307084,-0.038273236,0.013155328,-0.998367698,0,0,0,0,0,0,0,0,0,0,0,0,0,0,0,0
-0.020016,-0.066127,0.011783,-0.997541,-0.024920073,0.04630295,-0.00159793,0.998615999,0.196934452,0.043986729,-0.070302702,0.976904012,-0.067153184,-0.900831173,-0.427260498,0.038009725,0,0,0,1,0.920321,-0.186614,-0.331259,-0.091936,-0.834380217,0.279467913,-0.217155595,0.422553561,0.750570266,-0.283073634,0.145096855,-0.579190808,0,0,0,1,-0.881145,-0.154821,-0.440169,0.076585,-0.958865861,-0.174413569,0.220983049,0.036375873,-0.994859421,-0.06178388,0.045714369,0.0659434,0,0,0,0,-0.692581394,0.000108187,0.71974985,0.047870422,0.660914277,0.024540617,-0.749835608,0.018381309,0,0,0,0,0,0,0,0,0.630260538,-0.208851059,0.689204959,-0.290086314,0.597527415,0.100205315,0.776535356,0.172953457,0,0,0,0,-0.038698688,-0.039182082,0.013358148,-0.998393998,0,0,0,0,0,0,0,0,0,0,0,0,0,0,0,0
-0.017616,-0.066609,0.01003,-0.997573,-0.034416892,0.047830337,-0.003129063,0.998257317,0.194342874,0.044737499,-0.071148478,0.977326897,-0.066991836,-0.900297085,-0.428463702,0.037368146,0,0,0,1,0.920449,-0.185786,-0.33289,-0.086271,-0.847345983,0.270085757,-0.210289868,0.406002128,0.770277097,-0.266250737,0.1327641,-0.564054646,0,0,0,1,-0.883364,-0.15358,-0.436065,0.076995,-0.957648063,-0.177784638,0.221505394,0.047307054,-0.993544725,-0.068402954,0.04524465,0.078374814,0,0,0,0,-0.694185112,0.00142482,0.718406348,0.044701169,0.66194397,0.018754254,-0.748975734,0.022705834,0,0,0,0,0,0,0,0,0.631095631,-0.184091715,0.71084879,-0.250044979,0.598369381,0.097852007,0.777378154,0.167517555,0,0,0,0,-0.035576798,-0.040920602,0.012368783,-0.998452206,0,0,0,0,0,0,0,0,0,0,0,0,0,0,0,0
-0.017017,-0.067415,0.010233,-0.997527,-0.042317673,0.050559026,-0.006527448,0.997802646,0.192537468,0.046195249,-0.070934377,0.977631979,-0.067597817,-0.900110082,-0.428776381,0.03720515,0,0,0,1,0.922027,-0.182771,-0.332167,-0.078269,-0.863690741,0.261380093,-0.208510532,0.377150872,0.797146228,-0.256502422,0.12983468,-0.530950168,0,0,0,1,-0.886591,-0.151634,-0.430086,0.077389,-0.955786889,-0.181884785,0.222639003,0.06181853,-0.991658356,-0.073517045,0.046859465,0.094937069,0,0,0,0,-0.694392294,0.000758726,0.717895109,0.049441613,0.664972205,0.010511306,-0.746335206,0.026170176,0,0,0,0,0,0,0,0,0.629713944,-0.155188725,0.734611821,-0.199305117,0.599755662,0.083022412,0.781027062,0.152960683,0,0,0,0,-0.030206697,-0.04411971,0.011657545,-0.998501323,0,0,0,0,0,0,0,0,0,0,0,0,0,0,0,0
-0.016345,-0.0682,0.008773,-0.997499,-0.051531744,0.054755485,-0.006987978,0.997144135,0.188388428,0.049981457,-0.071569312,0.978206756,-0.068434139,-0.899665744,-0.429414592,0.039001863,0,0,0,1,0.9241055,-0.1801635,-0.3298335,-0.0691295,-0.883158894,0.248858029,-0.205211662,0.340568915,0.825377595,-0.253954373,0.126840746,-0.488026426,0,0,0,1,-0.8898885,-0.1496885,-0.4241025,0.0763425,-0.953857227,-0.184899307,0.223342714,0.078017646,-0.989974632,-0.073235848,0.044031398,0.11246527,0,0,0,0,-0.69251634,-0.006733778,0.719186993,0.056087003,0.66760117,-0.000968574,-0.743745769,0.033903966,0,0,0,0,0,0,0,0,0.626628837,-0.117192342,0.756344748,-0.146781933,0.598557606,0.062238712,0.787303942,0.134190242,0,0,0,0,-0.02463644,-0.049490273,0.010088045,-0.998419496,0,0,0,0,0,0,0,0,0,0,0,0,0,0,0,0
-0.027654,0.079463,0.037063,-0.995765,-0.01604524,0.020527409,0.108083281,0.993800221,0.185513807,0.054587251,-0.072558968,0.978437154,-0.069963908,-0.900276186,-0.427725317,0.040725721,0,0,0,1,0.9249235,-0.1790575,-0.3298415,-0.0604975,-0.901214602,0.239467236,-0.205618527,0.296964768,0.859412017,-0.231583969,0.121261413,-0.43940348,0,0,0,1,-0.895785,-0.148125,-0.412297,0.075095,-0.951653426,-0.18781553,0.223311757,0.095984175,-0.987470621,-0.072328367,0.042797259,0.133560532,0,0,0,0,-0.594085662,-0.030506001,0.801840705,0.056412979,0.562838742,-0.014494074,-0.826226179,0.018767295,0,0,0,0,0,0,0,0,0.692317643,-0.139815517,0.695550535,-0.131751671,0.692691651,0.032232092,0.712662295,0.106075677,0,0,0,0,-0.01894208,-0.056843795,0.008459098,-0.99816748,0,0,0,0,0,0,0,0,0,0,0,0,0,0,0,0
-0.020053,-0.062263,0.00594,-0.997841,-0.05837258,0.064339875,-0.001378858,0.996218945,0.182659393,0.060535316,-0.074601497,0.978471236,-0.073346979,-0.902085787,-0.422928271,0.04464667,0,0,0,1,0.9231865,-0.1786775,-0.3359835,-0.0539945,-0.918337374,0.230038908,-0.203375737,0.249751695,0.883995627,-0.225146642,0.125349118,-0.390060875,0,0,0,1,-0.9043995,-0.1444325,-0.3945215,0.0745265,-0.947484408,-0.190854851,0.227555399,0.118608041,-0.983973445,-0.07232546,0.048838963,0.155502396,0,0,0,0,-0.684960197,-0.056820273,0.720365033,0.093138691,0.677779343,-0.036097734,-0.732236866,0.056045519,0,0,0,0,0,0,0,0,0.632552271,-0.059976797,0.768888115,-0.071354145,0.606816991,0.026290532,0.7874069,0.105228791,0,0,0,0,-0.016555486,-0.064635891,0.006966235,-0.997747717,0,0,0,0,0,0,0,0,0,0,0,0,0,0,0,0
-0.019474,-0.052431,0.011408,-0.99837,-0.0535814,0.066539509,0.006494655,0.996323853,0.182415205,0.064633578,-0.073716784,0.978321736,-0.076034932,-0.90669654,-0.412169179,0.047304668,0,0,0,1,0.9196485,-0.1760945,-0.3477075,-0.0483335,-0.933505227,0.219434139,-0.195228123,0.205675133,0.905888054,-0.22170243,0.122208746,-0.339529307,0,0,0,1,-0.9113745,-0.1420025,-0.3783165,0.0781565,0.94186616,0.194857021,-0.232824835,-0.143913265,0.979543991,0.068363102,-0.058464135,-0.180006302,0,0,0,0,-0.686117023,-0.085842763,0.710901116,0.128426148,0.663326747,-0.062464996,-0.742678008,0.067260321,0,0,0,0,0,0,0,0,0.651501318,-0.046282967,0.756025843,-0.042770061,0.631744284,0.005904917,0.769183539,0.096028427,0,0,0,0,-0.017946062,-0.071057313,0.004987708,-0.997298936,0,0,0,0,0,0,0,0,0,0,0,0,0,0,0,0
-0.015033,-0.04408,0.017439,-0.998763,-0.049533319,0.066798673,0.014467757,0.996431723,0.184255672,0.067331982,-0.068374977,0.97818288,-0.079559842,-0.911022817,-0.401408839,0.050792143,0,0,0,1,0.9155935,-0.1741885,-0.3598685,-0.0429215,-0.946263637,0.209063632,-0.183634311,0.164790566,0.923999833,-0.220579348,0.111741177,-0.291690773,0,0,0,1,-0.920535,-0.146056,-0.352412,0.084193,0.932041395,0.206811479,-0.244890864,-0.168986334,0.973103393,0.073095969,-0.070988134,-0.206608367,0,0,0,0,-0.69075423,-0.109030209,0.693186677,0.174539409,0.645039129,-0.090858539,-0.754283541,0.082008749,0,0,0,0,0,0,0,0,0.664557338,-0.032622371,0.746042909,-0.026804297,0.632394184,-0.007508613,0.768738059,0.095191755,0,0,0,0,-0.02492326,-0.074419326,0.003755453,-0.996909104,0,0,0,0,0,0,0,0,0,0,0,0,0,0,0,0
-0.016064,-0.038684,0.016725,-0.998982,-0.043684057,0.065775344,0.014765551,0.996768219,0.188816791,0.067509319,-0.064738997,0.977547657,-0.078242215,-0.915684609,-0.390816746,0.051599125,0,0,0,1,0.91521,-0.168094,-0.364549,-0.035211,0.957210157,-0.189334753,0.177060951,-0.12865438,-0.941010927,0.210144456,-0.095774403,0.247319015,0,0,0,1,-0.9265245,-0.1481495,-0.3322605,0.0959555,0.920150988,0.218458598,-0.2595434,-0.19554087,0.963782744,0.083814209,-0.088060573,-0.237371673,0,0,0,0,-0.693539523,-0.138694045,0.670690075,0.223476148,0.641963496,-0.10297893,-0.754339929,0.090828088,0,0,0,0,0,0,0,0,0.647414241,-0.026271138,0.761394197,-0.021058347,0.620138058,-0.015502745,0.779408116,0.087820362,0,0,0,0,-0.030862651,-0.075173637,-0.000737208,-0.996692438,0,0,0,0,0,0,0,0,0,0,0,0,0,0,0,0
-0.017631,-0.033018,0.008045,-0.999267,-0.03744783,0.064407711,0.010614624,0.997164244,0.191213069,0.066813016,-0.06057819,0.977396353,-0.0750487,-0.919852349,-0.381631327,0.050951559,0,0,0,1,0.9162185,-0.1624115,-0.3654905,-0.0241395,0.964775179,-0.16823608,0.177924874,-0.096163751,-0.955692895,0.184085324,-0.105516063,0.204034785,0,0,0,1,-0.9280645,-0.1483185,-0.3253055,0.1042795,0.907836237,0.231274513,-0.270012644,-0.222350082,0.953896279,0.094695021,-0.102219043,-0.265834437,0,0,0,0,-0.685808018,-0.171764722,0.658629662,0.257624456,0.650631623,-0.105950469,-0.744962081,0.102388237,0,0,0,0,0,0,0,0,0.640306404,-0.015839192,0.767568654,-0.024385284,0.624991876,-0.019579816,0.776699705,0.075755609,0,0,0,0,-0.034152744,-0.075391209,-0.005046446,-0.996556489,0,0,0,0,0,0,0,0,0,0,0,0,0,0,0,0
-0.015256,-0.02369,-0.000701,-0.999603,-0.032231388,0.060928256,0.009630211,0.997575228,0.191532815,0.065115412,-0.058044615,0.977602585,-0.071444582,-0.9236887,-0.373155247,0.049510606,0,0,0,1,0.914215,-0.162051,-0.371161,-0.013789,0.967196613,-0.156650264,0.188750364,-0.06606511,-0.963981819,0.14672302,-0.142205939,0.170261121,0,0,0,1,-0.9277885,-0.1481495,-0.3239455,0.1109965,0.896484327,0.244627524,-0.268173709,-0.254078926,0.941915717,0.108139762,-0.104975604,-0.300133806,0,0,0,0,-0.679383953,-0.192873981,0.65031055,0.279879228,0.657984215,-0.107583734,-0.736011347,0.117341771,0,0,0,0,0,0,0,0,0.650005787,-0.011705446,0.759317425,-0.028166892,0.632697423,-0.013064475,0.771333201,0.067589629,0,0,0,0,-0.038299914,-0.073980722,-0.007499605,-0.996496187,0,0,0,0,0,0,0,0,0,0,0,0,0,0,0,0
-0.01157,-0.014444,-0.008637,-0.999791,-0.026813312,0.056950391,0.012881045,0.99793309,0.1915549,0.062978363,-0.056702918,0.97781613,-0.068495964,-0.927736494,-0.363769225,0.047790468,0,0,0,1,0.91023,-0.16407,-0.380163,-0.006315,0.96776243,-0.150030146,0.198875585,-0.037116073,-0.967233793,0.102609512,-0.181881119,0.144398091,0,0,0,1,-0.929037,-0.147099,-0.319659,0.114323,0.886516017,0.252045021,-0.261729087,-0.286462599,0.928711051,0.11346632,-0.093407092,-0.340435624,0,0,0,0,-0.678210155,-0.205060967,0.641929921,0.293100003,0.653080523,-0.110718199,-0.737299682,0.132732966,0,0,0,0,0,0,0,0,0.656868259,-0.010923386,0.753187516,-0.033382511,0.635968816,-0.002357928,0.769206552,0.062134529,0,0,0,0,-0.041377253,-0.071970599,-0.009156732,-0.996505123,0,0,0,0,0,0,0,0,0,0,0,0,0,0,0,0
-0.010028,-0.009957,-0.014368,-0.999797,-0.026464623,0.053547167,0.018350135,0.99804635,0.192747346,0.060910297,-0.056742766,0.97771156,-0.066150842,-0.931885159,-0.353568534,0.04694364,0,0,0,1,0.9047345,-0.1662025,-0.3922035,-0.0029795,0.967865349,-0.144236523,0.205553594,-0.013395678,-0.968088681,0.069044592,-0.203899544,0.128303704,0,0,0,1,-0.930178,-0.146022,-0.316542,0.115098,0.879073413,0.253001698,-0.25238053,-0.315473565,0.914925015,0.116385927,-0.080573724,-0.377987645,0,0,0,0,-0.678589872,-0.215083498,0.635720816,0.298520684,0.650043772,-0.114550856,-0.737265612,0.14408933,0,0,0,0,0,0,0,0,0.655388991,-0.009456846,0.754238277,-0.038740966,0.633383501,0.005248768,0.771623282,0.058267802,0,0,0,0,-0.043435351,-0.069283218,-0.010538865,-0.996596107,0,0,0,0,0,0,0,0,0,0,0,0,0,0,0,0
-0.010415,-0.007951,-0.016271,-0.999782,-0.027786973,0.05060154,0.024648241,0.99802807,0.192467307,0.058461854,-0.055712174,0.977974438,-0.064975548,-0.935553561,-0.344132446,0.04571643,0,0,0,1,0.9005295,-0.1678405,-0.4010945,0.0007285,0.968534302,-0.140307041,0.205560834,0.001438438,-0.969760584,0.052543643,-0.209422686,0.113784064,0,0,0,1,-0.932001,-0.146558,-0.311531,0.113328,0.872888915,0.252517722,-0.24677197,-0.336755268,0.904991905,0.110167115,-0.075199656,-0.403978932,0,0,0,0,-0.680407843,-0.220490037,0.63184375,0.298667762,0.65276449,-0.118991882,-0.732814986,0.150737458,0,0,0,0,0,0,0,0,0.65393518,-0.00868115,0.755281966,-0.042931988,0.63748721,0.007730906,0.768279526,0.057423124,0,0,0,0,-0.043234774,-0.066382271,-0.011059755,-0.996795521,0,0,0,0,0,0,0,0,0,0,0,0,0,0,0,0
-0.010307,-0.00572,-0.015669,-0.999808,-0.030954559,0.04700185,0.027833946,0.998027195,0.190475155,0.055204409,-0.053786349,0.978661778,-0.064751954,-0.938814834,-0.335422036,0.04388465,0,0,0,1,0.898136,-0.16865,-0.406077,0.003147,0.969442564,-0.136846712,0.203273962,0.011512876,-0.972426172,0.051409725,-0.204766562,0.099064198,0,0,0,1,-0.933365,-0.148916,-0.30713,0.111021,0.868471857,0.252911037,-0.248050396,-0.346791095,0.899890222,0.103288783,-0.080924458,-0.41590993,0,0,0,0,-0.683522649,-0.216977837,0.633921936,0.289584976,0.656678568,-0.123467321,-0.727870528,0.154057973,0,0,0,0,0,0,0,0,0.657959324,-0.007445834,0.7516835,-0.044789558,0.643435423,0.008690948,0.763172845,0.059008387,0,0,0,0,-0.041001943,-0.062509254,-0.012075727,-0.99712854,0,0,0,0,0,0,0,0,0,0,0,0,0,0,0,0
-0.012355,-0.00241,-0.014155,-0.999821,-0.03523653,0.042002417,0.027666113,0.998113018,0.188087011,0.050669099,-0.051196992,0.979508303,-0.06408201,-0.942190341,-0.326294109,0.041286682,0,0,0,1,0.896392,-0.168592,-0.409925,0.004383,0.969850343,-0.136484662,0.201271702,0.015872952,-0.973280504,0.06115491,-0.200392008,0.093957262,0,0,0,1,-0.9342195,-0.1523885,-0.3037375,0.1084205,0.867218339,0.253627739,-0.253477267,-0.345477271,0.900553594,0.092549641,-0.089176804,-0.415312151,0,0,0,0,-0.68610076,-0.205509272,0.642373277,0.272740985,0.658398242,-0.123145768,-0.726855261,0.151751511,0,0,0,0,0,0,0,0,0.660499252,-0.009623723,0.749345805,-0.04615286,0.645746133,0.008351183,0.761169927,0.059690065,0,0,0,0,-0.037080243,-0.05696215,-0.01302776,-0.997602887,0,0,0,0,0,0,0,0,0,0,0,0,0,0,0,0
0.016855,-0.000744,0.010559,0.999802,0.041136989,-0.036502578,-0.025016311,-0.998173189,-0.18386159,-0.045527922,0.048262011,-0.980710422,0.062547959,0.94538447,0.317620878,-0.03812291,0,0,0,1,0.8962865,-0.1682335,-0.4102925,0.0052765,0.969490056,-0.137697841,0.202297709,0.014268344,-0.972630266,0.075056443,-0.198142924,0.095366656,0,0,0,1,-0.934202,-0.152747,-0.304604,0.105599,0.870929088,0.250588182,-0.256269292,-0.336175036,0.904919074,0.092419742,-0.095460616,-0.40431101,0,0,0,0,-0.686517246,-0.186237077,0.65732505,0.24886411,0.658627709,-0.116491766,-0.730050752,0.140233422,0,0,0,0,0,0,0,0,0.660273685,-0.017066729,0.749299843,-0.047922041,0.645377688,0.005943423,0.761399454,0.061006756,0,0,0,0,0.033189355,0.050605905,0.013438466,0.9980764,0,0,0,0,0,0,0,0,0,0,0,0,0,0,0,0
0.01598,-0.005586,0.009043,0.999816,0.047066859,-0.029467216,-0.024397819,-0.998159137,-0.179724037,-0.040337929,0.047157215,-0.981757847,0.059131454,0.948783667,0.308206977,-0.036359403,0,0,0,1,0.8992535,-0.1684255,-0.4036855,0.0038345,0.968410915,-0.141966949,0.204820989,0.008672572,-0.970843603,0.09164803,-0.196025682,0.103147017,0,0,0,1,-0.932253,-0.151099,-0.312384,0.10242,0.880079793,0.244211992,-0.254684903,-0.317736297,0.913515548,0.095179998,-0.091361556,-0.384817835,0,0,0,0,-0.682387742,-0.159227719,0.682606945,0.207463715,0.654997764,-0.106024558,-0.737319304,0.126878743,0,0,0,0,0,0,0,0,0.659754668,-0.020779747,0.749388938,-0.05204518,0.647152799,0.012074908,0.759343103,0.066672666,0,0,0,0,0.027799634,0.042752282,0.013001546,0.998614274,0,0,0,0,0,0,0,0,0,0,0,0,0,0,0,0
0.015542,-0.009098,0.007306,0.999811,0.05457101,-0.021533009,-0.023977016,-0.997989235,-0.17597816,-0.033075738,0.045244064,-0.982796782,0.05460245,0.952199556,0.298821912,-0.032248396,0,0,0,1,0.902732,-0.168115,-0.395995,8.4E-05,0.966794571,-0.146587255,0.209318911,-0.002602444,-0.967908236,0.109466139,-0.195363121,0.114037257,0,0,0,1,-0.9316345,-0.1494195,-0.3166335,0.0973405,0.890756273,0.237212868,-0.252800597,-0.293898133,0.926168812,0.095018871,-0.085627676,-0.354754912,0,0,0,0,-0.682447139,-0.120789395,0.702251786,0.162842449,0.655655607,-0.08669386,-0.74207819,0.109178435,0,0,0,0,0,0,0,0,0.65805337,-0.030075373,0.750076246,-0.058713197,0.651076847,0.020331624,0.75494895,0.075753514,0,0,0,0,0.021838462,0.033187295,0.011183751,0.999147101,0,0,0,0,0,0,0,0,0,0,0,0,0,0,0,0
0.014031,-0.012159,0.006072,0.999809,0.059855947,-0.013051827,-0.021441628,-0.997891557,-0.170539361,-0.025901156,0.042359996,-0.984099395,0.049674164,0.955280832,0.290028378,-0.029256884,0,0,0,1,0.9075885,-0.1663375,-0.3854795,-0.0044585,0.965165284,-0.151421256,0.21252025,-0.019054271,-0.964845237,0.123714839,-0.1932976,0.128081692,0,0,0,1,-0.9310355,-0.1487565,-0.3205385,0.0911015,0.901850123,0.22936593,-0.250766444,-0.266784177,0.937744639,0.093331176,-0.075232096,-0.325983299,0,0,0,0,-0.679153436,-0.083792154,0.719189822,0.120396243,0.652136183,-0.073592661,-0.747999545,0.098989165,0,0,0,0,0,0,0,0,0.655599002,-0.043015427,0.75066668,-0.069560215,0.650553035,0.034936184,0.754025252,0.083701342,0,0,0,0,0.016141929,0.022594399,0.008726844,0.99957611,0,0,0,0,0,0,0,0,0,0,0,0,0,0,0,0
0.012393,-0.011939,0.008519,0.999816,0.061324885,-0.003522404,-0.01916938,-0.997928099,-0.166898523,-0.017354403,0.040939323,-0.984971933,0.043670871,0.958595045,0.280215622,-0.025893771,0,0,0,1,0.912798,-0.165626,-0.37308,-0.01335,0.962507207,-0.158754753,0.21620051,-0.040419067,-0.960120253,0.139757307,-0.190745972,0.149171755,0,0,0,1,-0.9272345,-0.1493375,-0.3319565,0.0879695,0.912238815,0.222783334,-0.24937713,-0.23663839,0.949326359,0.091167598,-0.070714544,-0.292345715,0,0,0,0,-0.681514465,-0.053469293,0.725025574,0.083764576,0.644013489,-0.053658553,-0.757804049,0.090004746,0,0,0,0,0,0,0,0,0.649667083,-0.062047913,0.752391314,-0.089384661,0.650011152,0.054331623,0.752304604,0.092583623,0,0,0,0,0.012877687,0.00962411,0.006807,0.999848025,0,0,0,0,0,0,0,0,0,0,0,0,0,0,0,0
0.0109,-0.005291,0.014878,0.999816,0.058904179,0.003791525,-0.018678911,-0.99808193,-0.164805486,-0.009344345,0.042157111,-0.98538134,0.037751732,0.961850403,0.270037702,-0.022379739,0,0,0,1,0.919629,-0.165798,-0.354821,-0.029922,0.955922979,-0.170414364,0.229533042,-0.066963672,-0.952145385,0.156817501,-0.191117299,0.179724467,0,0,0,1,-0.922207,-0.149933,-0.345799,0.086471,0.921261656,0.218157194,-0.244204968,-0.20987682,0.958896682,0.092411704,-0.067901886,-0.259551991,0,0,0,0,-0.687855092,-0.037168361,0.723309426,0.047922041,0.667190728,-0.026518526,-0.739800531,0.08274722,0,0,0,0,0,0,0,0,0.643773348,-0.083896098,0.750819415,-0.121600446,0.636796046,0.079244502,0.760560195,0.098784215,0,0,0,0,0.014515236,-0.002315244,0.005519615,0.999877481,0,0,0,0,0,0,0,0,0,0,0,0,0,0,0,0
0.009893,0.002073,0.016851,0.999807,0.050164727,0.007504622,-0.01827877,-0.998545702,-0.166872984,-0.00350129,0.04119322,-0.985111535,0.035431131,0.965104161,0.258784684,-0.018716097,0,0,0,1,0.9258435,-0.1654165,-0.3358775,-0.0513605,0.947654728,-0.184331355,0.242071968,-0.096815867,-0.940896337,0.171259786,-0.203432011,0.209759895,0,0,0,1,-0.916207,-0.150548,-0.36182,0.083581,0.929900613,0.214399772,-0.232296946,-0.188031971,0.965762778,0.094375643,-0.053277448,-0.235707757,0,0,0,0,-0.694018235,-0.022404678,0.719107797,0.026865108,0.669624707,-0.005244443,-0.739087359,0.072983449,0,0,0,0,0,0,0,0,0.64812559,-0.115989554,0.733801476,-0.167375004,0.614919528,0.101438736,0.774624981,0.107422292,0,0,0,0,0.019854275,-0.009800946,0.003550998,0.999748908,0,0,0,0,0,0,0,0,0,0,0,0,0,0,0,0
0.006153,0.008825,0.020557,0.999731,0.039348671,0.00973402,-0.016742085,-0.999037991,-0.170074696,0.001078513,0.040685592,-0.984590862,0.034737789,0.968228281,0.247170985,-0.015327682,0,0,0,1,0.929991,-0.165311,-0.318875,-0.078155,-0.936605128,0.20258879,-0.252318545,0.134406222,0.927551918,-0.188628556,0.207355282,-0.24712814,0,0,0,1,-0.910648,-0.151902,-0.375442,0.081784,0.936232661,0.213429812,-0.221050731,-0.170447025,0.971615163,0.087139938,-0.028735617,-0.218046453,0,0,0,0,-0.690724531,-0.007429571,0.722883748,0.016834091,0.645114982,0.010263369,-0.760820938,0.069811359,0,0,0,0,0,0,0,0,0.659588498,-0.139867136,0.701545386,-0.230683688,0.598213023,0.116384323,0.784530106,0.114498498,0,0,0,0,0.027915685,-0.015116461,0.000351528,0.999496214,0,0,0,0,0,0,0,0,0,0,0,0,0,0,0,0
-0.054559,0.059542,0.021855,-0.996494,-0.023201868,-0.031376233,0.107913363,0.993393821,0.17540782,-0.004053956,-0.044377876,0.983486524,-0.033424923,-0.970930108,-0.236731097,0.011596754,0,0,0,1,0.931961,-0.163986,-0.306221,-0.103858,-0.924067282,0.218452691,-0.258538754,0.177583904,0.910899919,-0.208122198,0.210344231,-0.287579252,0,0,0,1,-0.90562,-0.151759,-0.388673,0.075862,-0.943262029,-0.206191427,0.212161122,0.150764761,-0.97565083,-0.085321674,0.013739139,0.201589614,0,0,0,0,0.639010277,0.021086631,-0.767368542,-0.048641168,-0.59231196,-0.041917998,0.80461103,-0.003028435,0,0,0,0,0,0,0,0,0.660767245,-0.238430043,0.652287621,-0.284708767,0.650973221,0.05373693,0.752519953,0.084027361,0,0,0,0,-0.032973104,0.016821963,0.001654782,-0.999312818,0,0,0,0,0,0,0,0,0,0,0,0,0,0,0,0
-0.001246,-0.025661,-0.012689,-0.999589,-0.028477064,-0.005980106,0.025668273,0.999246143,0.176566342,-0.004786671,-0.049921927,0.983009638,-0.034561694,-0.9724098,-0.230524007,0.009116492,0,0,0,1,0.932827,-0.165245,-0.293762,-0.1274,-0.907210794,0.237357009,-0.262026663,0.227971679,0.888930334,-0.227256875,0.208159041,-0.338859707,0,0,0,1,-0.901679,-0.151865,-0.399173,0.067615,-0.949361857,-0.196733161,0.209744547,0.126549683,-0.981094349,-0.079580523,0.011351319,0.176040951,0,0,0,0,0.696918787,-0.018299216,-0.7168097,-0.012397703,-0.665168387,-0.026920423,0.74385542,-0.059204445,0,0,0,0,0,0,0,0,0.633557069,-0.188349912,0.68094878,-0.315337805,0.600015487,0.125691306,0.778241434,0.136095799,0,0,0,0,-0.037194443,0.015539211,0.004391185,-0.999176637,0,0,0,0,0,0,0,0,0,0,0,0,0,0,0,0
-4.9E-05,-0.036655,-0.003168,-0.999323,-0.025273763,-0.000117299,0.026763378,0.999322379,0.176136564,-0.003766872,-0.052858292,0.982939471,-0.034562912,-0.973468504,-0.226092262,0.007005567,0,0,0,1,0.9305645,-0.1665435,-0.2896745,-0.1496755,-0.886682934,0.258438283,-0.263816333,0.27821901,0.859025807,-0.247878508,0.202238049,-0.399664672,0,0,0,1,-0.8961755,-0.1560945,-0.4107505,0.0615435,-0.954118992,-0.187915023,0.21247175,0.0959135,-0.986212008,-0.075938258,0.023243678,0.145178855,0,0,0,0,0.708103802,-0.020418415,-0.705624685,-0.01631861,-0.669158163,-0.022377346,0.741149623,-0.049244462,0,0,0,0,0,0,0,0,0.624326497,-0.20421456,0.674915745,-0.336157857,0.59802966,0.125110565,0.776562023,0.153820192,0,0,0,0,-0.039595789,0.011404245,0.005540636,-0.99913599,0,0,0,0,0,0,0,0,0,0,0,0,0,0,0,0
-0.000599,-0.044921,0.002953,-0.998986,-0.02172373,0.005463301,0.02204894,0.999506209,0.176715631,-0.002140565,-0.052465789,0.982860544,-0.034234058,-0.974903106,-0.219903474,0.005975871,0,0,0,1,0.929682,-0.165693,-0.28631,-0.162063,-0.865334942,0.272225283,-0.264430389,0.327362582,0.82430272,-0.263955473,0.193414983,-0.462000717,0,0,0,1,-0.8887385,-0.1592125,-0.4256745,0.0599605,-0.957615582,-0.181444251,0.214500166,0.063551931,-0.99134059,-0.065143871,0.030020733,0.109991788,0,0,0,0,-0.709816414,0.016238707,0.703784794,0.024179516,0.67090122,0.016188365,-0.74012833,0.042894375,0,0,0,0,0,0,0,0,0.623369782,-0.21294945,0.665294143,-0.351350046,0.591979368,0.128075699,0.777510067,0.169221239,0,0,0,0,-0.039184884,0.00694338,0.005377752,-0.999193726,0,0,0,0,0,0,0,0,0,0,0,0,0,0,0,0
-0.001217,-0.049984,0.007649,-0.99872,-0.01996447,0.010971593,0.016157922,0.999610012,0.17713378,0.000434245,-0.053711018,0.982720283,-0.030635395,-0.976470015,-0.213384983,0.005887202,0,0,0,1,0.9297035,-0.1640275,-0.2833335,-0.1687235,-0.843668116,0.278488258,-0.264605607,0.375035944,0.789623932,-0.272825622,0.182757246,-0.518323204,0,0,0,1,-0.879296,-0.159367,-0.444735,0.060432,-0.961658117,-0.174036422,0.208956968,0.035526963,-0.995066993,-0.057294078,0.034840746,0.073112419,0,0,0,0,-0.702710698,0.019952432,0.708269972,0.064439348,0.673300913,-0.00613699,-0.738927221,-0.024768159,0,0,0,0,0,0,0,0,0.622657018,-0.222196992,0.66090301,-0.355152866,0.589167704,0.136415589,0.775238055,0.182422123,0,0,0,0,-0.03878581,0.001561954,0.005969229,-0.999228823,0,0,0,0,0,0,0,0,0,0,0,0,0,0,0,0
0.0011,-0.04868,0.010117,-0.998763,-0.022136798,0.0148928,0.010281099,0.999592013,0.175645865,0.002645637,-0.055107432,0.98290692,-0.026771677,-0.977936818,-0.20712027,0.00502972,0,0,0,1,0.930798,-0.165058,-0.277305,-0.171677,-0.821715134,0.279981952,-0.265484732,0.41941984,0.759075473,-0.273072829,0.176901393,-0.563864363,0,0,0,1,-0.8725875,-0.1598115,-0.4574355,0.0616775,-0.964709438,-0.167128928,0.203077402,0.012760904,-0.997224377,-0.052511098,0.033272902,0.040968221,0,0,0,0,-0.70022239,0.012003138,0.712883844,0.036633081,0.673047126,0.003763303,-0.738495947,0.040223217,0,0,0,0,0,0,0,0,0.62900118,-0.225666765,0.65846632,-0.346200187,0.591446205,0.150334011,0.767931983,0.194609884,0,0,0,0,-0.037706452,-0.003800016,0.006548875,-0.999260845,0,0,0,0,0,0,0,0,0,0,0,0,0,0,0,0
0.002925,-0.050605,0.011225,-0.998651,-0.02675251,0.019772487,0.006341964,0.999425819,0.173378756,0.005833718,-0.05631208,0.983225599,-0.024211894,-0.979375594,-0.200497431,0.006048242,0,0,0,1,0.9315995,-0.1684725,-0.2727055,-0.1713785,-0.799888997,0.285696268,-0.272920801,0.451738465,0.736179271,-0.255429887,0.183461976,-0.599279382,0,0,0,1,-0.869257,-0.16128,-0.463311,0.06102,-0.965976754,-0.161365587,0.20203086,-0.005729954,-0.998029717,-0.050830724,0.033669304,0.014802253,0,0,0,0,-0.703982783,0.014014856,0.709047082,0.038267205,0.678272102,-0.000801489,-0.733632177,0.041590488,0,0,0,0,0,0,0,0,0.634754908,-0.218898339,0.664584915,-0.327866323,0.592852186,0.160090422,0.761976019,0.205642654,0,0,0,0,-0.035897983,-0.009413387,0.007921765,-0.99927908,0,0,0,0,0,0,0,0,0,0,0,0,0,0,0,0
0.001119,-0.050556,0.010966,-0.99866,-0.030620715,0.024420279,0.005708971,0.999215908,0.16983837,0.008782647,-0.057179654,0.983771982,-0.023232614,-0.980409644,-0.195500733,0.005981784,0,0,0,1,0.9316205,-0.1718735,-0.2714095,-0.1699385,-0.784573022,0.287759412,-0.27910165,0.473012244,0.715349005,-0.244917404,0.19380125,-0.625084409,0,0,0,1,-0.866405,-0.162637,-0.468078,0.061592,-0.964560879,-0.158522149,0.210220361,-0.017330538,-0.997848777,-0.051709079,0.040275337,0.000906641,0,0,0,0,-0.706217241,0.011214714,0.706758885,0.040283873,0.680054495,-0.002094947,-0.731989918,0.041371551,0,0,0,0,0,0,0,0,0.637643439,-0.207549982,0.678116817,-0.300818781,0.595050502,0.162168913,0.759526588,0.206726588,0,0,0,0,-0.033312907,-0.01551899,0.009082947,-0.999282475,0,0,0,0,0,0,0,0,0,0,0,0,0,0,0,0
-0.000478,-0.049021,0.008192,-0.998764,-0.041342404,0.029004569,0.002564162,0.998720276,0.166285878,0.011839306,-0.05806067,0.984295835,-0.0234512,-0.981256164,-0.191186154,0.00582711,0,0,0,1,0.932037,-0.173784,-0.27119,-0.166023,-0.779511379,0.284149036,-0.28326716,0.481022951,0.703304208,-0.234934952,0.201314233,-0.640034124,0,0,0,1,-0.8662375,-0.1624795,-0.4685245,0.0609705,-0.963726191,-0.158404776,0.214025725,-0.018213556,-0.997365265,-0.055509097,0.046651058,-0.001951753,0,0,0,0,-0.705665698,0.010718325,0.707473062,0.03746676,0.679231816,-0.002197768,-0.732697717,0.042362846,0,0,0,0,0,0,0,0,0.639394943,-0.18548613,0.699187892,-0.260586527,0.597719952,0.157687275,0.760508157,0.198730041,0,0,0,0,-0.029779393,-0.021959959,0.008926729,-0.999275125,0,0,0,0,0,0,0,0,0,0,0,0,0,0,0,0
-0.002492,-0.051077,0.006717,-0.998669,-0.051784159,0.035781329,0.000339918,0.998017047,0.162909101,0.015934049,-0.060376087,0.984662471,-0.023348494,-0.981966542,-0.18750528,0.006032069,0,0,0,1,0.934635,-0.173207,-0.26808,-0.15681,-0.785523792,0.274877198,-0.282357144,0.477145834,0.709392007,-0.218285338,0.199276151,-0.639845938,0,0,0,1,-0.868122,-0.160729,-0.465766,0.059939,-0.964370448,-0.160120189,0.210321089,-0.01080685,-0.997284478,-0.058533698,0.044209142,0.006629815,0,0,0,0,-0.707316792,0.007129051,0.705707417,0.040372969,0.682372094,-0.00583509,-0.729625168,0.044533076,0,0,0,0,0,0,0,0,0.634141847,-0.153293679,0.728317156,-0.209569479,0.596488479,0.139353486,0.769396739,0.181138358,0,0,0,0,-0.024955346,-0.030201899,0.008478082,-0.999195912,0,0,0,0,0,0,0,0,0,0,0,0,0,0,0,0
-0.004483,-0.05473,0.006681,-0.998469,-0.062475333,0.042952015,-0.000762104,0.997121263,0.160037656,0.01977512,-0.062480557,0.984933003,-0.024383376,-0.982462689,-0.184765401,0.005821036,0,0,0,1,0.937724,-0.172271,-0.264588,-0.144881,-0.80088202,0.262444505,-0.279949948,0.459717178,0.730092943,-0.208015456,0.195654684,-0.620817832,0,0,0,1,-0.8725725,-0.1585965,-0.4580575,0.0604015,-0.962470664,-0.161954197,0.217766269,0.000182938,-0.996894119,-0.063047173,0.041102569,0.023215461,0,0,0,0,-0.707164764,0.000874691,0.705394169,0.048335698,0.688266808,-0.013989394,-0.723745626,0.047815064,0,0,0,0,0,0,0,0,0.625892739,-0.111278808,0.757192569,-0.150113113,0.59152605,0.106369306,0.784071264,0.154962228,0,0,0,0,-0.018222707,-0.03845275,0.008557067,-0.999057788,0,0,0,0,0,0,0,0,0,0,0,0,0,0,0,0
-0.00646,-0.055476,0.003684,-0.998432,-0.072699292,0.049661134,-0.000598755,0.996116692,0.157572767,0.022807081,-0.065499586,0.985069542,-0.025810207,-0.98289585,-0.182315618,0.003474228,0,0,0,1,0.940377,-0.172334,-0.262427,-0.130856,-0.823528561,0.246026228,-0.277342265,0.42936214,0.756712655,-0.214223912,0.196910106,-0.585422174,0,0,0,1,-0.8778305,-0.1556025,-0.4486115,0.0628535,-0.961140513,-0.162521049,0.222577442,0.016010677,-0.996135405,-0.064149646,0.042231865,0.042633227,0,0,0,0,-0.70146619,-0.014238302,0.710268256,0.057117257,0.689203766,-0.024921739,-0.721996827,0.055671602,0,0,0,0,0,0,0,0,0.620991075,-0.069044027,0.774277683,-0.100486238,0.583297876,0.081973486,0.795451764,0.142478757,0,0,0,0,-0.010985233,-0.047247214,0.007715373,-0.998793509,0,0,0,0,0,0,0,0,0,0,0,0,0,0,0,0
-0.010999,-0.050702,0.002975,-0.998649,-0.076152083,0.054674745,0.003642473,0.995589701,0.152257952,0.026683216,-0.068074993,0.985632283,-0.030207924,-0.983073799,-0.180672799,0.003190513,0,0,0,1,0.9414265,-0.1737615,-0.2635545,-0.1185875,-0.848404454,0.236416279,-0.276251863,0.384711217,0.789026191,-0.210583834,0.200555754,-0.541174485,0,0,0,1,-0.888727,-0.152388,-0.42742,0.065229,-0.957350202,-0.167714044,0.232849598,0.033672482,-0.994782013,-0.064846052,0.049333247,0.061403112,0,0,0,0,-0.693323856,-0.040650155,0.715454884,0.075982866,0.691509339,-0.040208625,-0.718469981,0.063235227,0,0,0,0,0,0,0,0,0.629095226,-0.038925521,0.773871096,-0.062033771,0.587653402,0.055950953,0.79743125,0.125050898,0,0,0,0,-0.005127219,-0.055571658,0.007956641,-0.998409936,0,0,0,0,0,0,0,0,0,0,0,0,0,0,0,0
-0.018526,-0.039132,0.008457,-0.999027,-0.071860461,0.055864269,0.01016943,0.99579811,0.149261626,0.028389382,-0.068642104,0.986004088,-0.034618841,-0.983703951,-0.176430097,0.00127227,0,0,0,1,0.9393375,-0.1734855,-0.2752925,-0.1084565,-0.874113231,0.232509362,-0.269583467,0.330439182,0.824303991,-0.208740384,0.203391724,-0.485368229,0,0,0,1,-0.9012005,-0.1489445,-0.4007055,0.0713315,-0.950508497,-0.175432362,0.24933166,0.059928081,-0.99153246,-0.068296786,0.070157849,0.085310381,0,0,0,0,-0.691625385,-0.073657899,0.710082287,0.109598723,0.687011031,-0.059472948,-0.721198733,0.065969435,0,0,0,0,0,0,0,0,0.636719958,-0.027010772,0.770076054,-0.028989257,0.607290538,0.025175773,0.787156861,0.1046332,0,0,0,0,-0.002608871,-0.06103809,0.006854593,-0.998109309,0,0,0,0,0,0,0,0,0,0,0,0,0,0,0,0
-0.023381,-0.027512,0.012519,-0.99927,-0.064987663,0.054009809,0.020028682,0.996222376,0.148125543,0.029068132,-0.066868609,0.986277628,-0.037402272,-0.984803951,-0.169591223,0.00117542,0,0,0,1,0.934084,-0.172038,-0.296544,-0.099756,-0.898928672,0.229122162,-0.256613772,0.271254898,0.861020739,-0.209361854,0.194664167,-0.420613233,0,0,0,1,-0.909506,-0.146279,-0.379735,0.084866,-0.941320592,-0.187855157,0.2639796,0.094559179,-0.986159684,-0.072770926,0.088547545,0.119809753,0,0,0,0,-0.696500179,-0.105848935,0.693421437,0.151160338,0.66800346,-0.082389123,-0.7359846,0.072862765,0,0,0,0,0,0,0,0,-0.655716382,0.01328088,-0.754722645,0.015942429,-0.613852306,-0.002754794,-0.78413749,-0.091138319,0,0,0,0,-0.004530719,-0.062526897,0.007052043,-0.998008343,0,0,0,0,0,0,0,0,0,0,0,0,0,0,0,0
-0.030087,-0.017428,0.014038,-0.999297,-0.052588021,0.049266767,0.023104309,0.997132437,0.146724678,0.027224152,-0.062219861,0.986843004,-0.037509053,-0.986022377,-0.162331824,-0.000347705,0,0,0,1,0.92852,-0.168277,-0.318062,-0.091489,-0.923590859,0.218281157,-0.2356007,0.209344158,0.896127887,-0.216762927,0.164442512,-0.35060856,0,0,0,1,-0.9195065,-0.1470425,-0.3513025,0.0973285,0.92960069,0.205048271,-0.272999435,-0.138809406,0.977521574,0.080979826,-0.100966815,-0.166426885,0,0,0,0,-0.702777166,-0.137353371,0.666347025,0.207894343,0.658395957,-0.09378353,-0.742791352,0.077336718,0,0,0,0,0,0,0,0,-0.651016243,0.012570237,-0.758831642,0.013944853,-0.612152108,0.013997646,-0.786454856,-0.081009809,0,0,0,0,-0.01014209,-0.059933931,0.005138932,-0.998137175,0,0,0,0,0,0,0,0,0,0,0,0,0,0,0,0
0.032124,0.004791,-0.007729,0.999443,0.038350588,-0.042108365,-0.023206008,-0.998107487,-0.146582015,-0.025048198,0.058132649,-0.987171498,0.036130303,0.987236254,0.155110257,-0.000177839,0,0,0,1,0.9241585,-0.1630335,-0.3363085,-0.0790395,-0.945412011,0.19508653,-0.21525293,0.147657996,0.927824225,-0.217312152,0.142987964,-0.267340218,0,0,0,1,-0.925803,-0.146109,-0.332082,0.106128,0.916770076,0.218986099,-0.277747995,-0.185566928,0.965225625,0.092809829,-0.111467108,-0.217492893,0,0,0,0,-0.699251532,-0.16574583,0.647973562,0.252398937,0.660251898,-0.098544321,-0.739395276,0.087464798,0,0,0,0,0,0,0,0,-0.645921539,0.010469423,-0.762998622,0.022539736,-0.625399003,0.018839256,-0.776723477,-0.072258214,0,0,0,0,0.012812365,0.055004599,-0.001095087,0.998404069,0,0,0,0,0,0,0,0,0,0,0,0,0,0,0,0
0.023531,-0.012011,1.6E-05,0.999651,0.024919655,-0.031714841,-0.021949618,-0.998945686,-0.145881327,-0.021206075,0.054453385,-0.987574841,0.033757873,0.988526828,0.147224606,-0.000543285,0,0,0,1,0.9182,-0.161797,-0.355617,-0.06531,0.959773991,-0.177446187,0.197915415,-0.090412625,-0.952573868,0.198591584,-0.132379042,0.188783759,0,0,0,1,-0.929763,-0.146022,-0.316802,0.117705,0.900504857,0.234873356,-0.277675524,-0.238373134,0.948100309,0.103101762,-0.116076933,-0.277491115,0,0,0,0,-0.689755088,-0.18215,0.644242867,0.275701641,0.662266798,-0.105189463,-0.734361507,0.10512792,0,0,0,0,0,0,0,0,-0.651536673,0.009224208,-0.758079281,0.027036228,-0.628203355,0.005559926,-0.774788778,-0.070936476,0,0,0,0,0.018267485,0.046927004,0.002087149,0.998729187,0,0,0,0,0,0,0,0,0,0,0,0,0,0,0,0
0.013668,-0.024146,0.00758,0.999586,0.020312688,-0.02082667,-0.01913951,-0.999393658,-0.145380388,-0.015867547,0.051118053,-0.987927697,0.03155544,0.989701155,0.13963555,-0.000183976,0,0,0,1,0.9118925,-0.1627275,-0.3731315,-0.0523865,0.965898695,-0.164497367,0.195069834,-0.043897208,-0.967701017,0.158419447,-0.152199916,0.123664793,0,0,0,1,-0.9329955,-0.1449795,-0.3026235,0.1300775,0.881016512,0.248124835,-0.277053062,-0.292379837,0.925354509,0.112784059,-0.117503924,-0.342333582,0,0,0,0,-0.684703517,-0.192074951,0.641178266,0.28840835,0.658114926,-0.11335612,-0.733675029,0.125529186,0,0,0,0,0,0,0,0,0.656431267,-0.004334565,0.753905936,-0.026561759,0.629262892,0.009113001,0.774053942,0.06918657,0,0,0,0,0.02560266,0.036563591,0.006097853,0.998984937,0,0,0,0,0,0,0,0,0,0,0,0,0,0,0,0
0.012186,-0.027526,0.015634,0.999425,0.022225511,-0.012697447,-0.024685274,-0.999367988,-0.147253842,-0.010807279,0.049014601,-0.987825892,0.030302499,0.990661219,0.132946683,0.000468548,0,0,0,1,0.908861,-0.165304,-0.381187,-0.036646,0.966410399,-0.15331806,0.20604184,-0.009613424,-0.970749844,0.112546929,-0.19398375,0.085729092,0,0,0,1,-0.9355465,-0.1434005,-0.2919265,0.1377245,0.861947246,0.255607441,-0.275241787,-0.34051961,0.902009865,0.11428833,-0.114948055,-0.400128186,0,0,0,0,-0.681700435,-0.20930785,0.636158515,0.294577857,0.652184135,-0.115478582,-0.73630739,0.138464835,0,0,0,0,0,0,0,0,0.653436669,0.000850649,0.756254238,-0.033149873,0.628798575,0.016934044,0.774888978,0.06223047,0,0,0,0,0.030261925,0.027265653,0.009133297,0.999129321,0,0,0,0,0,0,0,0,0,0,0,0,0,0,0,0
0.013944,-0.030447,0.019408,0.999251,0.021989948,-0.006981279,-0.029208263,-0.99930748,-0.147592979,-0.007019703,0.046576991,-0.987925884,0.030972254,0.991028965,0.129996481,0.001623429,0,0,0,1,0.907693,-0.169912,-0.383301,-0.017402,0.962726384,-0.146486542,0.226986595,0.013272985,-0.965351027,0.068025487,-0.242812678,0.067163365,0,0,0,1,-0.937836,-0.143642,-0.283384,0.139728,0.84402015,0.260988603,-0.275304155,-0.37910722,0.881955295,0.107931466,-0.116626216,-0.443737602,0,0,0,0,-0.678096311,-0.222255682,0.633134219,0.299881865,0.649255383,-0.119284028,-0.736847465,0.145928291,0,0,0,0,0,0,0,0,0.653213224,0.001093894,0.756156657,-0.03923382,0.631066379,0.019550369,0.773302868,0.058100675,0,0,0,0,0.030425046,0.020860358,0.010874059,0.999260665,0,0,0,0,0,0,0,0,0,0,0,0,0,0,0,0
0.015132,-0.034805,0.019913,0.999081,0.023172747,-0.002156257,-0.032308985,-0.999206338,-0.146664206,-0.003711781,0.043726612,-0.988212066,0.031199542,0.991019116,0.1299829,0.003466265,0,0,0,1,0.904723,-0.173068,-0.38925,-0.002769,0.959902979,-0.139178439,0.241538978,0.029561676,-0.960420348,0.039982929,-0.267162521,0.067957344,0,0,0,1,-0.9389465,-0.1455975,-0.2788565,0.1393535,0.829651664,0.264603615,-0.276671364,-0.406344313,0.865561749,0.1039198,-0.124085527,-0.473926892,0,0,0,0,-0.679705686,-0.22341958,0.631557371,0.298695339,0.651455764,-0.123117739,-0.733137437,0.151511693,0,0,0,0,0,0,0,0,0.657776891,0.001589576,0.752017254,-0.042392466,0.637951151,0.020817885,0.767609723,0.057966333,0,0,0,0,0.027110641,0.015964858,0.012699054,0.999423519,0,0,0,0,0,0,0,0,0,0,0,0,0,0,0,0
0.016813,-0.039612,0.01915,0.99889,0.027400861,0.001472752,-0.032874753,-0.999082525,-0.145224234,-0.001284316,0.041495419,-0.988527242,0.030721932,0.990896024,0.130969484,0.005271923,0,0,0,1,0.8996545,-0.1746895,-0.4001065,0.0044245,0.964132852,-0.135323235,0.225180476,0.03779917,-0.965010487,0.034621759,-0.250637743,0.06882701,0,0,0,1,-0.938394,-0.14861,-0.279787,0.138027,0.820810337,0.268132009,-0.278165116,-0.420714746,0.855100437,0.101011856,-0.127169211,-0.492369844,0,0,0,0,-0.683568611,-0.215030465,0.63511624,0.288309355,0.653466644,-0.123457204,-0.730912187,0.153315206,0,0,0,0,0,0,0,0,0.661072008,0.001238851,0.748997908,-0.04454207,0.644397277,0.021461011,0.762106457,0.059025802,0,0,0,0,0.023105778,0.012776827,0.015057306,0.999537598,0,0,0,0,0,0,0,0,0,0,0,0,0,0,0,0
0.017862,-0.042864,0.016259,0.998789,0.035114702,0.004276564,-0.033558767,-0.998811031,-0.143469774,0.000977311,0.039967332,-0.988846688,0.028981032,0.990798192,0.132005314,0.007278494,0,0,0,1,0.8925105,-0.1747545,-0.4157545,0.0059515,0.969358225,-0.133079029,0.20230115,0.041358183,-0.973348924,0.047306448,-0.21369483,0.068483571,0,0,0,1,-0.9362435,-0.1492285,-0.2871455,0.1368405,0.821003517,0.267319322,-0.276562944,-0.421907485,0.852263817,0.10307512,-0.133251931,-0.495241962,0,0,0,0,-0.687056768,-0.197582605,0.646487224,0.266398237,0.653236534,-0.120332879,-0.732613605,0.148587857,0,0,0,0,0,0,0,0,0.659651431,-0.000219203,0.750301106,-0.043693542,0.64428695,0.022999944,0.761833191,0.063055649,0,0,0,0,0.019237197,0.010179235,0.015679153,0.999640405,0,0,0,0,0,0,0,0,0,0,0,0,0,0,0,0
0.018831,-0.047324,0.014577,0.998596,0.041783074,0.00814269,-0.032563113,-0.998563409,-0.141505769,0.004180962,0.03991301,-0.989124514,0.02610541,0.990681047,0.133330467,0.009765768,0,0,0,1,0.8886025,-0.1745295,-0.4241375,0.0057975,0.973019958,-0.13380035,0.183710186,0.039775298,-0.978568659,0.066296187,-0.181414237,0.071402814,0,0,0,1,-0.9367125,-0.1493155,-0.2875885,0.1325435,0.827928104,0.263700928,-0.274726828,-0.411731448,0.859810543,0.093064817,-0.120820187,-0.487306912,0,0,0,0,-0.685835595,-0.172797805,0.667623353,0.232487517,0.648879785,-0.10824193,-0.740672326,0.13654582,0,0,0,0,0,0,0,0,0.659285857,-0.004918635,0.750420607,-0.046769457,0.646955365,0.027510092,0.759056727,0.067277246,0,0,0,0,0.014520331,0.006436159,0.015097311,0.999761108,0,0,0,0,0,0,0,0,0,0,0,0,0,0,0,0
0.018432,-0.050265,0.014731,0.998457,0.048728305,0.013047118,-0.030287389,-0.998267202,-0.139927213,0.007706055,0.039569917,-0.989341083,0.023958233,0.990601579,0.134240189,0.010750686,0,0,0,1,0.8897395,-0.1737475,-0.4220935,0.0034865,0.973179064,-0.1361359,0.182354245,0.033713009,-0.978719156,0.085533481,-0.170411254,0.07585423,0,0,0,1,-0.9382,-0.147518,-0.287125,0.124817,0.841955715,0.254641034,-0.275663481,-0.387657391,0.87500113,0.092197903,-0.11928049,-0.4600486,0,0,0,0,-0.680957972,-0.140872641,0.69411723,0.186150103,0.64450686,-0.086660845,-0.750611339,0.11697396,0,0,0,0,0,0,0,0,0.658969073,-0.009943336,0.750242416,-0.052897244,0.650037403,0.036900222,0.755505153,0.07281557,0,0,0,0,0.008595937,0.000708979,0.013602641,0.999870109,0,0,0,0,0,0,0,0,0,0,0,0,0,0,0,0
0.015828,-0.050271,0.014064,0.998511,0.057104714,0.01856225,-0.028954314,-0.997775899,-0.139362901,0.01282869,0.038970457,-0.989391389,0.022240307,0.99061652,0.134222865,0.012998459,0,0,0,1,0.8953565,-0.1721485,-0.4107305,0.0016055,0.970978089,-0.140216522,0.192433753,0.022617416,-0.974777377,0.102154091,-0.179130995,0.085359271,0,0,0,1,-0.9389835,-0.1450725,-0.2888925,0.1174955,0.859507161,0.242501136,-0.276443897,-0.354993085,0.894482534,0.092381705,-0.115113442,-0.42203763,0,0,0,0,-0.675896502,-0.102373506,0.717000619,0.136359886,0.639899275,-0.066447179,-0.758727747,0.102209,0,0,0,0,0,0,0,0,0.65631318,-0.016679942,0.75198897,-0.059052609,0.650471303,0.050848184,0.753349193,0.082251982,0,0,0,0,0.001803771,-0.006883268,0.011476755,0.999909434,0,0,0,0,0,0,0,0,0,0,0,0,0,0,0,0
0.015769,-0.048818,0.013645,0.99859,0.062120333,0.024932541,-0.027644403,-0.997374541,-0.138260196,0.017764158,0.037882324,-0.989512295,0.021959183,0.990692685,0.133697457,0.013150421,0,0,0,1,0.9018925,-0.1715235,-0.3964325,-0.0031635,0.966590901,-0.146544987,0.210115915,0.00882085,-0.96921837,0.11765109,-0.19291032,0.097774546,0,0,0,1,-0.9388375,-0.1441655,-0.2928225,0.1098025,0.878446546,0.230218262,-0.277642689,-0.313442489,0.915663546,0.089581081,-0.113906775,-0.374915234,0,0,0,0,-0.67041501,-0.069812653,0.7322119,0.097654275,0.62977915,-0.05196636,-0.769059156,0.096053705,0,0,0,0,0,0,0,0,0.652108723,-0.032150024,0.754008467,-0.072054888,0.651096101,0.066218706,0.750513724,0.091751334,0,0,0,0,-0.003949654,-0.01614099,0.008913093,0.999822561,0,0,0,0,0,0,0,0,0,0,0,0,0,0,0,0
0.012581,-0.039234,0.015261,0.999034,0.062338829,0.029932038,-0.024178964,-0.997312761,-0.136525834,0.02159811,0.037307576,-0.989697631,0.02234702,0.991013855,0.131473374,0.010313298,0,0,0,1,0.9093055,-0.1692985,-0.3799145,-0.0129315,0.964714856,-0.15618842,0.211397469,-0.015533301,-0.962700826,0.133847377,-0.202748547,0.119100392,0,0,0,1,-0.9364025,-0.1446665,-0.3020015,0.1049595,0.896456244,0.220225268,-0.275695784,-0.268062503,0.936031036,0.087300211,-0.109236447,-0.322939849,0,0,0,0,-0.674666843,-0.043807386,0.734126038,0.06296998,0.641797924,-0.032249012,-0.761310232,0.086390606,0,0,0,0,0,0,0,0,0.645846585,-0.047755871,0.756705372,-0.089429916,0.644360262,0.08697842,0.752727313,0.103128335,0,0,0,0,-0.005488419,-0.026120073,0.007800595,0.999613044,0,0,0,0,0,0,0,0,0,0,0,0,0,0,0,0
0.010996,-0.029368,0.01721,0.99936,0.063436656,0.033030466,-0.021614516,-0.997204721,-0.13848865,0.022730463,0.037103534,-0.989407782,0.024022896,0.99190379,0.124616795,0.004598967,0,0,0,1,0.9185555,-0.1668915,-0.3569395,-0.0315935,0.95503754,-0.167335409,0.241005851,-0.042651631,-0.95490315,0.145640918,-0.21198461,0.14836594,0,0,0,1,-0.930227,-0.145724,-0.321216,0.101305,0.912681826,0.214155088,-0.270218218,-0.219390929,0.954552133,0.082733034,-0.09266336,-0.270924372,0,0,0,0,-0.684219856,-0.022047589,0.728275437,0.031174924,0.656573822,-0.009430812,-0.750325776,0.076370861,0,0,0,0,0,0,0,0,0.648314388,-0.065874068,0.749358533,-0.117522561,0.631226644,0.107934446,0.759715156,0.112860006,0,0,0,0,-0.003374998,-0.033443112,0.008103296,0.999402384,0,0,0,0,0,0,0,0,0,0,0,0,0,0,0,0
0.00801,-0.019903,0.018708,0.999595,0.0561772,0.033138986,-0.018786939,-0.997694456,-0.140743109,0.020502252,0.03689237,-0.989146785,0.02615545,0.992898717,0.115994562,-0.003734794,0,0,0,1,0.9280685,-0.1647465,-0.3294805,-0.0546805,0.945638241,-0.181385561,0.257664207,-0.080481634,-0.943468691,0.162207769,-0.220655558,0.186729293,0,0,0,1,-0.9224115,-0.1477845,-0.3432605,0.0974075,0.928101729,0.20861656,-0.254779679,-0.173758915,0.967910398,0.092784884,-0.072134203,-0.222115017,0,0,0,0,-0.688159148,-0.000493561,0.725464687,0.011708274,0.637335681,0.006896368,-0.767654954,0.06678931,0,0,0,0,0,0,0,0,0.657537182,-0.091344054,0.73040595,-0.160649004,0.609107246,0.130861349,0.772174921,0.124940495,0,0,0,0,0.002443065,-0.036835377,0.005723275,0.999302215,0,0,0,0,0,0,0,0,0,0,0,0,0,0,0,0
0.010298,-0.012287,0.018832,0.999694,0.043707551,0.029823591,-0.016038936,-0.998469902,-0.145650421,0.01528753,0.038869103,-0.98845408,0.0279807,0.993837616,0.106418929,-0.013368017,0,0,0,1,0.9346075,-0.1612795,-0.3079215,-0.0753735,-0.93478353,0.193197747,-0.26992613,0.126468198,0.930021854,-0.174961174,0.228112059,-0.228937536,0,0,0,1,-0.913431,-0.146546,-0.368548,0.091321,-0.940936032,-0.196319257,0.243709363,0.129243838,-0.979844443,-0.094184732,0.052276693,0.168228904,0,0,0,0,0.679437693,-0.01309986,-0.733609143,-0.003166424,-0.621843354,-0.023435967,0.780706647,-0.057083917,0,0,0,0,0,0,0,0,0.66513363,-0.119595798,0.703335781,-0.220482965,0.593357319,0.137984174,0.781597992,0.134130727,0,0,0,0,0.006372939,-0.035104457,0.003465335,0.999357329,0,0,0,0,0,0,0,0,0,0,0,0,0,0,0,0
0.0132,-0.002591,0.015373,0.999791,0.030347521,0.026011934,-0.016850055,-0.999058285,-0.151581813,0.010339171,0.041661389,-0.987511677,0.03177271,0.994694761,0.095135018,-0.022844646,0,0,0,1,0.939978,-0.160488,-0.286877,-0.091575,-0.920771743,0.206057573,-0.276596955,0.182247932,0.90912064,-0.190653606,0.238438681,-0.283371548,0,0,0,1,-0.905099,-0.146039,-0.39062,0.082974,-0.950537289,-0.181519662,0.236563015,0.086995359,-0.987670938,-0.087937684,0.041324246,0.122747885,0,0,0,0,0.686259152,-0.0179294,-0.727115782,-0.005399467,-0.64301646,-0.035782425,0.763396708,-0.049738954,0,0,0,0,0,0,0,0,0.651710622,-0.149553084,0.692551695,-0.270700275,0.585456711,0.140194917,0.785287551,0.14460112,0,0,0,0,0.009975054,-0.033383917,0.001105456,0.999391828,0,0,0,0,0,0,0,0,0,0,0,0,0,0,0,0
0.005858,0.003064,0.012787,0.999896,0.023893762,0.021242114,-0.013917437,-0.999391253,-0.153625384,0.002351647,0.044873026,-0.987106369,0.03707817,0.995278029,0.082352007,-0.035543466,0,0,0,1,0.940066,-0.165378,-0.274774,-0.115874,-0.8985911,0.231430211,-0.282838595,0.242852047,0.878579674,-0.210466267,0.240150675,-0.355149083,0,0,0,1,-0.895115,-0.150261,-0.412429,0.078059,-0.955958376,-0.173946486,0.231034039,0.050099995,-0.992703833,-0.080439957,0.040659228,0.080101085,0,0,0,0,0.691128996,-0.020190727,-0.72243827,-0.00388343,-0.647567971,-0.029652482,0.759646923,-0.052070215,0,0,0,0,0,0,0,0,0.646176804,-0.167260452,0.682621088,-0.297503864,0.592281672,0.148503438,0.77586235,0.158705185,0,0,0,0,0.018749553,-0.028992227,-0.002266247,0.999400776,0,0,0,0,0,0,0,0,0,0,0,0,0,0,0,0
-0.003226,-0.025004,-0.004307,-0.999673,-0.015868853,-0.009109344,0.019006119,0.999652254,0.156167549,0.008516213,-0.048301036,0.986512334,-0.041704811,-0.995401335,-0.070739771,0.049325484,0,0,0,1,0.937191,-0.167645,-0.271632,-0.140654,-0.8729036,0.255514258,-0.283089957,0.304321291,0.837537347,-0.234408838,0.230611427,-0.436350222,0,0,0,1,-0.886801,-0.15099,-0.431012,0.070811,-0.961612361,-0.163175328,0.219349287,0.023677152,-0.99569879,-0.06752386,0.042967307,0.046665798,0,0,0,0,0.701108394,-0.014575592,-0.712771414,-0.013837373,-0.65721889,-0.019866805,0.751934246,-0.047578148,0,0,0,0,0,0,0,0,0.631565857,-0.175296721,0.685124953,-0.317804193,0.582337517,0.146088588,0.779912916,0.176855371,0,0,0,0,-0.026617934,0.019989222,0.004787632,-0.999434512,0,0,0,0,0,0,0,0,0,0,0,0,0,0,0,0
-0.002449,-0.026149,0.002426,-0.999652,-0.013793344,-0.002656011,0.016500486,0.999764955,0.15920354,0.018236313,-0.05128121,0.985744376,-0.044724579,-0.995142959,-0.06221644,0.061793421,0,0,0,1,0.9356775,-0.1667025,-0.2705655,-0.1533365,-0.8493819,0.266572254,-0.27999873,0.359293129,0.796049924,-0.253658973,0.208678918,-0.508346844,0,0,0,1,-0.8833795,-0.1481475,-0.4403205,0.0617345,-0.963441007,-0.150358006,0.221711111,0.004307076,-0.997256916,-0.048973026,0.051986945,0.019429812,0,0,0,0,0.692754635,-0.015685043,-0.720682524,-0.021477661,-0.656675532,-0.011435008,0.752822706,-0.04363746,0,0,0,0,0,0,0,0,0.631246244,-0.190010906,0.678915141,-0.32326235,0.582573759,0.147463909,0.776766371,0.188404157,0,0,0,0,-0.029618691,0.01185667,0.007541943,-0.999461956,0,0,0,0,0,0,0,0,0,0,0,0,0,0,0,0
-0.00623,-0.028897,0.007808,-0.999532,-0.009639021,0.002455941,0.013849439,0.999854184,0.16014274,0.026169851,-0.055177141,0.985203444,-0.045385839,-0.994592234,-0.058172225,0.073102469,0,0,0,1,0.935321,-0.165565,-0.268528,-0.160176,-0.82540016,0.273710214,-0.280193542,0.406557081,0.763996883,-0.254334346,0.188576166,-0.562193896,0,0,0,1,-0.883138,-0.146286,-0.442527,0.053271,-0.964254219,-0.140512769,0.224531501,-0.007448009,-0.997465511,-0.029774748,0.064622125,-0.000690686,0,0,0,0,-0.689210616,0.012025058,0.723749953,0.032088506,0.656166408,0.008369294,-0.75362756,0.037695126,0,0,0,0,0,0,0,0,0.62510785,-0.205008641,0.679736092,-0.324300383,0.582790273,0.147093092,0.774830117,0.195853015,0,0,0,0,-0.028784937,0.006033078,0.009091972,-0.999526081,0,0,0,0,0,0,0,0,0,0,0,0,0,0,0,0
-0.006688,-0.026195,0.008191,-0.999601,-0.009518401,0.005627979,0.011496609,0.999872511,0.159431797,0.033316377,-0.057720572,0.984957315,-0.046235898,-0.993840893,-0.056660496,0.083260686,0,0,0,1,0.935491,-0.165982,-0.266832,-0.161575,-0.805142494,0.27573521,-0.276644748,0.446298811,0.740230192,-0.250619757,0.177981535,-0.597971948,0,0,0,1,-0.880986,-0.147154,-0.447305,0.046129,-0.962921305,-0.133759528,0.233671774,-0.016980161,-0.996933489,-0.014877438,0.075191364,-0.015740867,0,0,0,0,-0.689109499,0.011476343,0.723804401,0.033222705,0.656484108,0.005594612,-0.75336242,0.037989002,0,0,0,0,0,0,0,0,0.629416252,-0.207615036,0.678480977,-0.316850306,0.586623497,0.152497436,0.770164892,0.198653207,0,0,0,0,-0.026254982,0.001018136,0.010566408,-0.999599036,0,0,0,0,0,0,0,0,0,0,0,0,0,0,0,0
-0.009292,-0.033644,0.008673,-0.999353,-0.015475076,0.011716671,0.007202031,0.999785823,0.158508116,0.040347532,-0.059888019,0.984713715,-0.047458173,-0.993052936,-0.054849348,0.092653266,0,0,0,1,0.9348245,-0.1681555,-0.2670125,-0.1628835,-0.788906396,0.277486662,-0.276773032,0.473311799,0.718678043,-0.247814673,0.182341824,-0.623570463,0,0,0,1,-0.876569,-0.148534,-0.455715,0.043444,-0.965231746,-0.13401652,0.223578909,-0.019444544,-0.997029671,-0.009493217,0.074212758,-0.018259921,0,0,0,0,-0.696482502,0.009964549,0.716487967,0.038188009,0.666411749,0.003609521,-0.744641619,0.037300142,0,0,0,0,0,0,0,0,0.632659751,-0.197589676,0.685873779,-0.300460985,0.58677472,0.150647343,0.770298307,0.199100907,0,0,0,0,-0.024276705,-0.004388625,0.011917589,-0.99962451,0,0,0,0,0,0,0,0,0,0,0,0,0,0,0,0
-0.012133,-0.041176,0.008502,-0.999042,-0.019762903,0.017879866,0.006011621,0.99962719,0.15856343,0.047391591,-0.059788473,0.984396747,-0.049915977,-0.99223045,-0.051834881,0.101494745,0,0,0,1,0.933497,-0.169598,-0.270655,-0.162988,-0.780592094,0.279035726,-0.277535765,0.485580366,0.70627456,-0.235526349,0.186243341,-0.641106167,0,0,0,1,-0.874743,-0.149499,-0.45883,0.044166,-0.966393745,-0.136984405,0.216851713,-0.017151234,-0.99773818,-0.015296726,0.062832703,-0.018348027,0,0,0,0,-0.70239745,0.006781154,0.710488166,0.042402365,0.672903611,0.002719076,-0.738836038,0.036249044,0,0,0,0,0,0,0,0,0.632912895,-0.181302886,0.701338204,-0.27326778,0.588014585,0.142154317,0.773147301,0.190456937,0,0,0,0,-0.022720005,-0.009983893,0.012767036,-0.999610838,0,0,0,0,0,0,0,0,0,0,0,0,0,0,0,0